CREATE DATABASE Transporte;
GO

USE Transporte
GO

CREATE SCHEMA ex52;
GO

ALTER TABLE ex52.Conteudo
	DROP CONSTRAINT CNTDENCOMENDA;
ALTER TABLE ex52.Encomenda
	DROP CONSTRAINT NIFENCOMENDA;
DROP TABLE IF EXISTS ex52.Conteudo;
DROP TABLE IF EXISTS ex52.Produto;
DROP TABLE IF EXISTS ex52.Encomenda;
DROP TABLE IF EXISTS ex52.Fornecedor;
DROP TABLE IF EXISTS ex52.Tipo_Fornecedor;
--DROP SCHEMA IF EXISTS ex52;
--DROP DATABASE IF EXISTS Transporte;


CREATE TABLE ex52.Produto(
	CODIGO		INT,
	NOME		VARCHAR(30),
	PRECO		FLOAT				CHECK(PRECO >= 0),
	IVA			INT				CHECK(IVA >= 0 AND IVA <= 100),
	STOCK		INT				CHECK(STOCK > 0),

	PRIMARY KEY(CODIGO)
);

CREATE TABLE ex52.Conteudo(
	ENCOMENDA		INT,
	PRODUTO			INT,
	UNIDADES		INT			CHECK(UNIDADES >= 0),

	PRIMARY KEY(PRODUTO, ENCOMENDA),
	FOREIGN KEY(PRODUTO) REFERENCES ex52.Produto(CODIGO)
);

CREATE TABLE ex52.Encomenda(
	NUMERO			INT,
	DATA_ENCOMENDA	DATE,
	FORNECEDOR		INT			NOT NULL,

	PRIMARY KEY(NUMERO)
);

CREATE TABLE ex52.Fornecedor(
	NIF				INT,
	NOME			VARCHAR(30),
	FAX				INT,
	ENDERECO		VARCHAR(30),
	PAGAMENTO		INT			CHECK(PAGAMENTO > 0),
	TIPO			INT			NOT NULL,

	PRIMARY KEY(NIF)
);

CREATE TABLE ex52.Tipo_Fornecedor(
	CODIGO		INT,
	DESIGN		VARCHAR(20),

	PRIMARY KEY(CODIGO)
);

INSERT INTO ex52.Produto(CODIGO,NOME,PRECO,IVA,STOCK)
VALUES	(10001,'Bife da Pa', 8.75,23,125),
		(10002,'Laranja Algarve',1.25,23,1000),
		(10003,'Pera Rocha',1.45,23,2000),
		(10004,'Secretos de Porco Preto',10.15,23,342),
		(10005,'Vinho Rose Plus',2.99,13,5232),
		(10006,'Queijo de Cabra da Serra',15.00,23,3243),
		(10007,'Queijo Fresco do Dia',0.65,23,452),
		(10008,'Cerveja Preta Artesanal',1.65,13,937),
		(10009,'Lixivia de Cor', 1.85,23,9382),
		(10010,'Amaciador Neutro', 4.05,23,932432),
		(10011,'Agua Natural',0.55,6,919323),
		(10012,'Pao de Leite',0.15,6,5434),
		(10013,'Arroz Agulha',1.00,13,7665),
		(10014,'Iogurte Natural',0.40,13,998)

INSERT INTO ex52.Conteudo(ENCOMENDA,PRODUTO,UNIDADES)
VALUES	(1,10001,200),
		(1,10004,300),
		(2,10002,1200),
		(2,10003,3200),
		(3,10013,900),
		(4,10006,50),
		(4,10007,40),
		(4,10014,200),
		(5,10005,500),
		(5,10008,10),
		(5,10011,1000),
		(6,10009,200),
		(6,10010,200),
		(7,10003,1200),
		(8,10013,350),
		(9,10009,100),
		(9,10010,300),
		(10,10012,200)

INSERT INTO ex52.Encomenda(NUMERO,DATA_ENCOMENDA,FORNECEDOR)
VALUES	(1,'2015-03-03',509111222),
		(2,'2015-03-04',509121212),
		(3,'2015-03-05',509987654),
		(4,'2015-03-06',509827353),
		(5,'2015-03-07',509294734),
		(6,'2015-03-08',509836433),
		(7,'2015-03-09',509121212),
		(8,'2015-03-10',509987654),
		(9,'2015-03-11',509836433),
		(10,'2015-03-12',509987654)

ALTER TABLE ex52.Conteudo
	ADD CONSTRAINT CNTDENCOMENDA FOREIGN KEY(ENCOMENDA) REFERENCES ex52.Encomenda(NUMERO);

INSERT INTO ex52.Fornecedor(NIF,NOME,FAX,ENDERECO,PAGAMENTO,TIPO)
VALUES	(509111222,'LactoSerrano',234872372,NULL,60,102),
		(509121212,'FrescoNorte',221234567,'Rua do Complexo Grande - Edf 3',90,102),
		(509294734,'PinkDrinks',2123231732,'Rua Poente 723',30,105),
		(509827353,'LactoSerrano',234872372,NULL,60,102),
		(509836433,'LeviClean',229343284,'Rua Sol Poente 6243',30,107),
		(509987654,'MaduTex',234873434,'Estrada da Cincunvalacao 213',30,104),
		(590972623,'ConservasMac', 234112233,'Rua da Recta 233',30,104)

ALTER TABLE ex52.Encomenda
	ADD CONSTRAINT NIFENCOMENDA FOREIGN KEY(FORNECEDOR) REFERENCES ex52.Fornecedor(NIF);

INSERT INTO ex52.Tipo_Fornecedor(CODIGO,DESIGN)
VALUES	(101,'Carnes'),
		(102,'Laticinios'),
		(103,'Frutas e Legumes'),
		(104,'Mercearia'),
		(105,'Bebidas'),
		(106,'Peixe'),
		(107,'Detergentes')

ALTER TABLE ex52.Fornecedor
	ADD CONSTRAINT TIPOFORNECEDOR FOREIGN KEY(TIPO) REFERENCES ex52.Tipo_Fornecedor(CODIGO);

SELECT * FROM ex52.Conteudo; -- TEM VALORES
SELECT * FROM ex52.Encomenda; -- TEM VALORES
SELECT * FROM ex52.Fornecedor; -- TEM VALORES 
SELECT * FROM ex52.Produto; -- TEM VALORES
SELECT * FROM ex52.Tipo_Fornecedor; -- TEM VALORES