use p2g5;

INSERT INTO CLIENT (NIF, C_NAME, C_ADDRESS) VALUES (400821237, 'Guilherme Costa', 'Rua do Arsenal, Nr 13, 6Dir');
INSERT INTO CLIENT (NIF, C_NAME, C_ADDRESS) VALUES (368759194, 'Gabriel Marques', 'Calçada de Carriche, Nr 33, 4Dir');
INSERT INTO CLIENT (NIF, C_NAME, C_ADDRESS) VALUES (494804541, 'Sofia Mendes', 'Rua Cidade de Bolama, Nr 10, 5RC');
INSERT INTO CLIENT (NIF, C_NAME, C_ADDRESS) VALUES (533527675, 'Miguel Marques', 'Rua Augusta, Nr 24, 4RC');
INSERT INTO CLIENT (NIF, C_NAME, C_ADDRESS) VALUES (746187818, 'Ana Gonçalves', 'Rua de São Julião, Nr 37, 4RC');
INSERT INTO CLIENT (NIF, C_NAME, C_ADDRESS) VALUES (252292370, 'Ana Pinto', 'Rua Augusta, Nr 39, 5Esq');
INSERT INTO CLIENT (NIF, C_NAME, C_ADDRESS) VALUES (861402984, 'Francisco Lopes', 'Rua dos Fanqueiros, Nr 55, 2Esq');
INSERT INTO CLIENT (NIF, C_NAME, C_ADDRESS) VALUES (774141018, 'Martim Gonçalves', 'Rua do Comércio, Nr 14, 1Dir');
INSERT INTO CLIENT (NIF, C_NAME, C_ADDRESS) VALUES (334455137, 'Inês Jesus', 'Rua Ferreira Lapa, Nr 27, 4RC');
INSERT INTO CLIENT (NIF, C_NAME, C_ADDRESS) VALUES (713335592, 'Rodrigo Oliveira', 'Rua Cidade de Bolama, Nr 17, 3RC');

INSERT INTO STAFF_MEMBER (S_NAME, S_ADDRESS) VALUES ('Francisca Ribeiro', 'Rua dos Fanqueiros, Nr 44, 2RC');
INSERT INTO STAFF_MEMBER (S_NAME, S_ADDRESS) VALUES ('Miguel Gonçalves', 'Rua da Madalena, Nr 21, 2RC');
INSERT INTO STAFF_MEMBER (S_NAME, S_ADDRESS) VALUES ('Martim Martins', 'Rua da Alfândega, Nr 12, 6RC');
INSERT INTO STAFF_MEMBER (S_NAME, S_ADDRESS) VALUES ('Afonso Santos', 'Rua da Alfândega, Nr 26, 6RC');
INSERT INTO STAFF_MEMBER (S_NAME, S_ADDRESS) VALUES ('Pedro Rodrigues', 'Rua da Oliveira ao Carmo, Nr 46, 4Dir');
INSERT INTO STAFF_MEMBER (S_NAME, S_ADDRESS) VALUES ('Francisca Oliveira', 'Rua da Betesga, Nr 4, 1RC');
INSERT INTO STAFF_MEMBER (S_NAME, S_ADDRESS) VALUES ('Ana Lopes', 'Rua Ferreira Lapa, Nr 58, 3Dir');
INSERT INTO STAFF_MEMBER (S_NAME, S_ADDRESS) VALUES ('Francisca Gonçalves', 'Rua da Madalena, Nr 12, 3RC');
INSERT INTO STAFF_MEMBER (S_NAME, S_ADDRESS) VALUES ('João Teixeira', 'Rua Ferreira Lapa, Nr 21, 5RC');
INSERT INTO STAFF_MEMBER (S_NAME, S_ADDRESS) VALUES ('Rodrigo Moreira', 'Rua da Prata, Nr 32, 6Esq');
INSERT INTO STAFF_MEMBER (S_NAME, S_ADDRESS) VALUES ('João Ribeiro', 'Rua da Oliveira ao Carmo, Nr 22, 3Dir');
INSERT INTO STAFF_MEMBER (S_NAME, S_ADDRESS) VALUES ('Santiago Nunes', 'Rua do Arsenal, Nr 51, 6Dir');
INSERT INTO STAFF_MEMBER (S_NAME, S_ADDRESS) VALUES ('Gabriel Pereira', 'Rua General Morais Sarmento, Nr 16, 6Esq');
INSERT INTO STAFF_MEMBER (S_NAME, S_ADDRESS) VALUES ('Sofia Oliveira', 'Rua do Arsenal, Nr 42, 1Esq');
INSERT INTO STAFF_MEMBER (S_NAME, S_ADDRESS) VALUES ('Santiago Gomes', 'Rua Augusta, Nr 37, 1Dir');
INSERT INTO STAFF_MEMBER (S_NAME, S_ADDRESS) VALUES ('Francisco Jesus', 'Rua da Betesga, Nr 53, 2Esq');
INSERT INTO STAFF_MEMBER (S_NAME, S_ADDRESS) VALUES ('Gonçalo Moreira', 'Calçada do Moinho de Vento, Nr 56, 4Esq');
INSERT INTO STAFF_MEMBER (S_NAME, S_ADDRESS) VALUES ('Santiago Pinto', 'Rua dos Fanqueiros, Nr 51, 4Dir');
INSERT INTO STAFF_MEMBER (S_NAME, S_ADDRESS) VALUES ('Tomás Pereira', 'Calçada Marquês de Abrantes, Nr 55, 5RC');
INSERT INTO STAFF_MEMBER (S_NAME, S_ADDRESS) VALUES ('Martim Santos', 'Rua do Carmo, Nr 18, 3Esq');

INSERT INTO STAND (LOCALIZATION) VALUES ('Alenquer');
INSERT INTO STAND (LOCALIZATION) VALUES ('Loures');
INSERT INTO STAND (LOCALIZATION) VALUES ('Oeiras');

INSERT INTO WORKSHOP (LOCALIZATION) VALUES ('Cadaval');
INSERT INTO WORKSHOP (LOCALIZATION) VALUES ('Azambuja');
INSERT INTO WORKSHOP (LOCALIZATION) VALUES ('Lourinhã');

INSERT INTO MOTO_STATION (LOCALIZATION, CAPACITY) VALUES ('Arruda dos Vinhos', 5);
INSERT INTO MOTO_STATION (LOCALIZATION, CAPACITY) VALUES ('Odivelas', 7);
INSERT INTO MOTO_STATION (LOCALIZATION, CAPACITY) VALUES ('Lisboa', 9);
INSERT INTO MOTO_STATION (LOCALIZATION, CAPACITY) VALUES ('Arruda dos Vinhos', 10);
INSERT INTO MOTO_STATION (LOCALIZATION, CAPACITY) VALUES ('Odivelas', 6);
INSERT INTO MOTO_STATION (LOCALIZATION, CAPACITY) VALUES ('Sobral de Monte Agraço', 10);
INSERT INTO MOTO_STATION (LOCALIZATION, CAPACITY) VALUES ('Amadora', 7);

INSERT INTO MOTORCYCLE (FRAME_NO, MODEL, BRAND, YEAR, CC, HP) VALUES (473129104, 'Turbo', 'Honda', 1995, 1200, 129);
INSERT INTO MOTORCYCLE (FRAME_NO, MODEL, BRAND, YEAR, CC, HP) VALUES (538617208, 'TRK', 'Yamanha', 2009, 750, 82);
INSERT INTO MOTORCYCLE (FRAME_NO, MODEL, BRAND, YEAR, CC, HP) VALUES (536008267, 'Titan', 'Ducati', 2003, 50, 15);
INSERT INTO MOTORCYCLE (FRAME_NO, MODEL, BRAND, YEAR, CC, HP) VALUES (484926357, 'SX', 'Ducati', 2016, 1200, 128);
INSERT INTO MOTORCYCLE (FRAME_NO, MODEL, BRAND, YEAR, CC, HP) VALUES (318859512, 'T-Max', 'Benelli', 2005, 900, 98);
INSERT INTO MOTORCYCLE (FRAME_NO, MODEL, BRAND, YEAR, CC, HP) VALUES (295824100, 'X-Max', 'Kawasaki', 2006, 125, 18);
INSERT INTO MOTORCYCLE (FRAME_NO, MODEL, BRAND, YEAR, CC, HP) VALUES (228509205, 'GS', 'BMW', 2012, 200, 28);
INSERT INTO MOTORCYCLE (FRAME_NO, MODEL, BRAND, YEAR, CC, HP) VALUES (950706355, 'SSR', 'Suziki', 2011, 1100, 116);
INSERT INTO MOTORCYCLE (FRAME_NO, MODEL, BRAND, YEAR, CC, HP) VALUES (306828931, 'Star', 'Ducati', 2017, 1200, 126);
INSERT INTO MOTORCYCLE (FRAME_NO, MODEL, BRAND, YEAR, CC, HP) VALUES (300972264, 'MT', 'Yamanha', 2016, 250, 35);
INSERT INTO MOTORCYCLE (FRAME_NO, MODEL, BRAND, YEAR, CC, HP) VALUES (692573842, 'T-Max', 'Ducati', 2012, 1100, 118);
INSERT INTO MOTORCYCLE (FRAME_NO, MODEL, BRAND, YEAR, CC, HP) VALUES (883120071, 'XR', 'Ducati', 2017, 900, 98);
INSERT INTO MOTORCYCLE (FRAME_NO, MODEL, BRAND, YEAR, CC, HP) VALUES (912687292, 'Bolt', 'Suziki', 2001, 200, 26);
INSERT INTO MOTORCYCLE (FRAME_NO, MODEL, BRAND, YEAR, CC, HP) VALUES (404368408, 'DT', 'Suziki', 1998, 300, 36);
INSERT INTO MOTORCYCLE (FRAME_NO, MODEL, BRAND, YEAR, CC, HP) VALUES (792103657, 'YZF', 'Kawasaki', 1996, 125, 21);
INSERT INTO MOTORCYCLE (FRAME_NO, MODEL, BRAND, YEAR, CC, HP) VALUES (961276781, 'RC', 'Harley', 2015, 900, 100);
INSERT INTO MOTORCYCLE (FRAME_NO, MODEL, BRAND, YEAR, CC, HP) VALUES (957751177, 'DT', 'Honda', 2004, 400, 48);
INSERT INTO MOTORCYCLE (FRAME_NO, MODEL, BRAND, YEAR, CC, HP) VALUES (734476411, 'Fazer', 'Benelli', 2005, 250, 32);
INSERT INTO MOTORCYCLE (FRAME_NO, MODEL, BRAND, YEAR, CC, HP) VALUES (779232583, 'MT', 'Ducati', 2006, 300, 40);
INSERT INTO MOTORCYCLE (FRAME_NO, MODEL, BRAND, YEAR, CC, HP) VALUES (550505423, 'TRK', 'Aprilia', 2000, 50, 15);

INSERT INTO MECHANIC (NUMBER, WORK_WORKSHOP) VALUES (100, 3);
INSERT INTO SALESMAN (NUMBER, WORK_STAND) VALUES (101, 2);
INSERT INTO MECHANIC (NUMBER, WORK_WORKSHOP) VALUES (102, 3);
INSERT INTO SALESMAN (NUMBER, WORK_STAND) VALUES (103, 2);
INSERT INTO MECHANIC (NUMBER, WORK_WORKSHOP) VALUES (104, 1);
INSERT INTO SALESMAN (NUMBER, WORK_STAND) VALUES (105, 2);
INSERT INTO MECHANIC (NUMBER, WORK_WORKSHOP) VALUES (106, 1);
INSERT INTO SALESMAN (NUMBER, WORK_STAND) VALUES (107, 3);
INSERT INTO MECHANIC (NUMBER, WORK_WORKSHOP) VALUES (108, 1);
INSERT INTO SALESMAN (NUMBER, WORK_STAND) VALUES (109, 1);
INSERT INTO MECHANIC (NUMBER, WORK_WORKSHOP) VALUES (110, 1);
INSERT INTO SALESMAN (NUMBER, WORK_STAND) VALUES (111, 2);
INSERT INTO MECHANIC (NUMBER, WORK_WORKSHOP) VALUES (112, 2);
INSERT INTO SALESMAN (NUMBER, WORK_STAND) VALUES (113, 1);
INSERT INTO MECHANIC (NUMBER, WORK_WORKSHOP) VALUES (114, 3);
INSERT INTO SALESMAN (NUMBER, WORK_STAND) VALUES (115, 2);
INSERT INTO MECHANIC (NUMBER, WORK_WORKSHOP) VALUES (116, 3);
INSERT INTO SALESMAN (NUMBER, WORK_STAND) VALUES (117, 1);
INSERT INTO MECHANIC (NUMBER, WORK_WORKSHOP) VALUES (118, 2);
INSERT INTO SALESMAN (NUMBER, WORK_STAND) VALUES (119, 1);

INSERT INTO RENTABLE_BIKE (FRAME_NO, PRICE_KM, TOTAL_KM, MOTO_STATION) VALUES(473129104, 6, 27566, 1);
INSERT INTO STOCK_BIKE (FRAME_NO, PRICE, STAND) VALUES(538617208, 16120, 3);
INSERT INTO STOCK_BIKE (FRAME_NO, PRICE, STAND) VALUES(536008267, 19112, 1);
INSERT INTO RENTABLE_BIKE (FRAME_NO, PRICE_KM, TOTAL_KM, MOTO_STATION) VALUES(484926357, 7, 34337, 6);
INSERT INTO STOCK_BIKE (FRAME_NO, PRICE, STAND) VALUES(318859512, 7793, 2);
INSERT INTO STOCK_BIKE (FRAME_NO, PRICE, STAND) VALUES(295824100, 12693, 3);
INSERT INTO RENTABLE_BIKE (FRAME_NO, PRICE_KM, TOTAL_KM, MOTO_STATION) VALUES(228509205, 9, 21289, 2);
INSERT INTO STOCK_BIKE (FRAME_NO, PRICE, STAND) VALUES(950706355, 11001, 3);
INSERT INTO STOCK_BIKE (FRAME_NO, PRICE, STAND) VALUES(306828931, 12219, 3);
INSERT INTO RENTABLE_BIKE (FRAME_NO, PRICE_KM, TOTAL_KM, MOTO_STATION) VALUES(300972264, 4, 12754, 5);
INSERT INTO STOCK_BIKE (FRAME_NO, PRICE, STAND) VALUES(692573842, 15150, 1);
INSERT INTO STOCK_BIKE (FRAME_NO, PRICE, STAND) VALUES(883120071, 9890, 3);
INSERT INTO RENTABLE_BIKE (FRAME_NO, PRICE_KM, TOTAL_KM, MOTO_STATION) VALUES(912687292, 4, 3759, 7);
INSERT INTO STOCK_BIKE (FRAME_NO, PRICE, STAND) VALUES(404368408, 2924, 1);
INSERT INTO STOCK_BIKE (FRAME_NO, PRICE, STAND) VALUES(792103657, 11659, 1);
INSERT INTO RENTABLE_BIKE (FRAME_NO, PRICE_KM, TOTAL_KM, MOTO_STATION) VALUES(961276781, 7, 44697, 6);
INSERT INTO STOCK_BIKE (FRAME_NO, PRICE, STAND) VALUES(957751177, 6120, 1);
INSERT INTO STOCK_BIKE (FRAME_NO, PRICE, STAND) VALUES(734476411, 10427, 3);
INSERT INTO RENTABLE_BIKE (FRAME_NO, PRICE_KM, TOTAL_KM, MOTO_STATION) VALUES(779232583, 10, 6616, 2);
INSERT INTO STOCK_BIKE (FRAME_NO, PRICE, STAND) VALUES(550505423, 13310, 3);

INSERT INTO PART (NUMBER, PART_TEXT) VALUES (457, 'Pneus');
INSERT INTO PART (NUMBER, PART_TEXT) VALUES (689, 'Oleo');
INSERT INTO PART (NUMBER, PART_TEXT) VALUES (793, 'Borboleta do escape');
INSERT INTO PART (NUMBER, PART_TEXT) VALUES (287, 'Cabeça do motor');
INSERT INTO PART (NUMBER, PART_TEXT) VALUES (737, 'Pinhao de ataque');
INSERT INTO PART (NUMBER, PART_TEXT) VALUES (852, 'Corrente');
INSERT INTO PART (NUMBER, PART_TEXT) VALUES (180, 'Borboleta do escape');
INSERT INTO PART (NUMBER, PART_TEXT) VALUES (861, 'Corrente');
INSERT INTO PART (NUMBER, PART_TEXT) VALUES (247, 'Pastilhas travao');
INSERT INTO PART (NUMBER, PART_TEXT) VALUES (638, 'Pinhao de ataque');
INSERT INTO PART (NUMBER, PART_TEXT) VALUES (208, 'Oleo');
INSERT INTO PART (NUMBER, PART_TEXT) VALUES (612, 'Filtro de ar');
INSERT INTO PART (NUMBER, PART_TEXT) VALUES (759, 'Pastilhas travao');
INSERT INTO PART (NUMBER, PART_TEXT) VALUES (634, 'Filtro de ar');
INSERT INTO PART (NUMBER, PART_TEXT) VALUES (627, 'Filtro de ar');
INSERT INTO PART (NUMBER, PART_TEXT) VALUES (323, 'Oleo');
INSERT INTO PART (NUMBER, PART_TEXT) VALUES (950, 'Corrente');
INSERT INTO PART (NUMBER, PART_TEXT) VALUES (672, 'Disco travao');
INSERT INTO PART (NUMBER, PART_TEXT) VALUES (382, 'Borboleta do escape');
INSERT INTO PART (NUMBER, PART_TEXT) VALUES (738, 'Cremalheira');
INSERT INTO PART (NUMBER, PART_TEXT) VALUES (134, 'Pinhao de ataque');
INSERT INTO PART (NUMBER, PART_TEXT) VALUES (900, 'Transmissao');
INSERT INTO PART (NUMBER, PART_TEXT) VALUES (984, 'Cabeça do motor');
INSERT INTO PART (NUMBER, PART_TEXT) VALUES (693, 'Filtro de oleo');
INSERT INTO PART (NUMBER, PART_TEXT) VALUES (327, 'Borboleta do escape');
INSERT INTO PART (NUMBER, PART_TEXT) VALUES (354, 'Pinhao de ataque');
INSERT INTO PART (NUMBER, PART_TEXT) VALUES (943, 'Filtro de oleo');
INSERT INTO PART (NUMBER, PART_TEXT) VALUES (372, 'Cremalheira');
INSERT INTO PART (NUMBER, PART_TEXT) VALUES (866, 'Cabeça do motor');
INSERT INTO PART (NUMBER, PART_TEXT) VALUES (687, 'Oleo');

INSERT INTO REVISION (FRAME_NO, R_DATE, PRICE, MECHANIC) VALUES (473129104, '20160116', 417, 104);
INSERT INTO CHANGED_PARTS (REVISION_NO, PART) VALUES (1000, 612);
INSERT INTO REVISION (FRAME_NO, R_DATE, PRICE, MECHANIC) VALUES (538617208, '20150404', 480, 100);
INSERT INTO CHANGED_PARTS (REVISION_NO, PART) VALUES (1001, 627);
INSERT INTO CHANGED_PARTS (REVISION_NO, PART) VALUES (1001, 759);
INSERT INTO REVISION (FRAME_NO, R_DATE, PRICE, MECHANIC) VALUES (536008267, '20150704', 36, 116);
INSERT INTO CHANGED_PARTS (REVISION_NO, PART) VALUES (1002, 247);
INSERT INTO CHANGED_PARTS (REVISION_NO, PART) VALUES (1002, 634);
INSERT INTO CHANGED_PARTS (REVISION_NO, PART) VALUES (1002, 327);
INSERT INTO REVISION (FRAME_NO, R_DATE, PRICE, MECHANIC) VALUES (484926357, '20150916', 255, 106);
INSERT INTO CHANGED_PARTS (REVISION_NO, PART) VALUES (1003, 134);
INSERT INTO REVISION (FRAME_NO, R_DATE, PRICE, MECHANIC) VALUES (318859512, '20160416', 190, 102);
INSERT INTO CHANGED_PARTS (REVISION_NO, PART) VALUES (1004, 327);
INSERT INTO REVISION (FRAME_NO, R_DATE, PRICE, MECHANIC) VALUES (295824100, '20170313', 267, 102);
INSERT INTO CHANGED_PARTS (REVISION_NO, PART) VALUES (1005, 457);
INSERT INTO CHANGED_PARTS (REVISION_NO, PART) VALUES (1005, 247);
INSERT INTO REVISION (FRAME_NO, R_DATE, PRICE, MECHANIC) VALUES (228509205, '20180110', 393, 102);
INSERT INTO CHANGED_PARTS (REVISION_NO, PART) VALUES (1006, 687);
INSERT INTO CHANGED_PARTS (REVISION_NO, PART) VALUES (1006, 372);
INSERT INTO REVISION (FRAME_NO, R_DATE, PRICE, MECHANIC) VALUES (950706355, '20161028', 441, 110);
INSERT INTO CHANGED_PARTS (REVISION_NO, PART) VALUES (1007, 372);
INSERT INTO CHANGED_PARTS (REVISION_NO, PART) VALUES (1007, 382);
INSERT INTO CHANGED_PARTS (REVISION_NO, PART) VALUES (1007, 900);
INSERT INTO REVISION (FRAME_NO, R_DATE, PRICE, MECHANIC) VALUES (306828931, '20180515', 354, 102);
INSERT INTO CHANGED_PARTS (REVISION_NO, PART) VALUES (1008, 134);
INSERT INTO REVISION (FRAME_NO, R_DATE, PRICE, MECHANIC) VALUES (300972264, '20180801', 208, 106);
INSERT INTO CHANGED_PARTS (REVISION_NO, PART) VALUES (1009, 382);
INSERT INTO REVISION (FRAME_NO, R_DATE, PRICE, MECHANIC) VALUES (692573842, '20171115', 286, 112);
INSERT INTO CHANGED_PARTS (REVISION_NO, PART) VALUES (1010, 627);
INSERT INTO REVISION (FRAME_NO, R_DATE, PRICE, MECHANIC) VALUES (883120071, '20160810', 80, 116);
INSERT INTO CHANGED_PARTS (REVISION_NO, PART) VALUES (1011, 247);
INSERT INTO REVISION (FRAME_NO, R_DATE, PRICE, MECHANIC) VALUES (912687292, '20170903', 125, 110);
INSERT INTO CHANGED_PARTS (REVISION_NO, PART) VALUES (1012, 457);
INSERT INTO REVISION (FRAME_NO, R_DATE, PRICE, MECHANIC) VALUES (404368408, '20160111', 85, 100);
INSERT INTO CHANGED_PARTS (REVISION_NO, PART) VALUES (1013, 738);
INSERT INTO CHANGED_PARTS (REVISION_NO, PART) VALUES (1013, 634);
INSERT INTO CHANGED_PARTS (REVISION_NO, PART) VALUES (1013, 759);
INSERT INTO REVISION (FRAME_NO, R_DATE, PRICE, MECHANIC) VALUES (792103657, '20170220', 424, 112);
INSERT INTO CHANGED_PARTS (REVISION_NO, PART) VALUES (1014, 627);
INSERT INTO REVISION (FRAME_NO, R_DATE, PRICE, MECHANIC) VALUES (961276781, '20180404', 455, 114);
INSERT INTO CHANGED_PARTS (REVISION_NO, PART) VALUES (1015, 861);
INSERT INTO REVISION (FRAME_NO, R_DATE, PRICE, MECHANIC) VALUES (957751177, '20180226', 325, 108);
INSERT INTO CHANGED_PARTS (REVISION_NO, PART) VALUES (1016, 382);
INSERT INTO REVISION (FRAME_NO, R_DATE, PRICE, MECHANIC) VALUES (734476411, '20171222', 45, 110);
INSERT INTO CHANGED_PARTS (REVISION_NO, PART) VALUES (1017, 627);
INSERT INTO CHANGED_PARTS (REVISION_NO, PART) VALUES (1017, 900);
INSERT INTO REVISION (FRAME_NO, R_DATE, PRICE, MECHANIC) VALUES (779232583, '20171011', 448, 108);
INSERT INTO CHANGED_PARTS (REVISION_NO, PART) VALUES (1018, 943);
INSERT INTO REVISION (FRAME_NO, R_DATE, PRICE, MECHANIC) VALUES (550505423, '20180520', 46, 110);
INSERT INTO CHANGED_PARTS (REVISION_NO, PART) VALUES (1019, 672);
INSERT INTO CHANGED_PARTS (REVISION_NO, PART) VALUES (1019, 943);

INSERT INTO RENT (FRAME_NO, R_DATE, CLIENT) VALUES (961276781, '20151213', 861402984);
INSERT INTO RENT (FRAME_NO, R_DATE, CLIENT) VALUES (473129104, '20150513', 533527675);
INSERT INTO RENT (FRAME_NO, R_DATE, CLIENT) VALUES (484926357, '20171020', 334455137);
INSERT INTO RENT (FRAME_NO, R_DATE, CLIENT) VALUES (961276781, '20160213', 746187818);
INSERT INTO RENT (FRAME_NO, R_DATE, CLIENT) VALUES (300972264, '20160306', 713335592);
INSERT INTO RENT (FRAME_NO, R_DATE, CLIENT) VALUES (961276781, '20180209', 713335592);
INSERT INTO RENT (FRAME_NO, R_DATE, CLIENT) VALUES (779232583, '20150223', 494804541);
INSERT INTO RENT (FRAME_NO, R_DATE, CLIENT) VALUES (912687292, '20180604', 400821237);
INSERT INTO RENT (FRAME_NO, R_DATE, CLIENT) VALUES (912687292, '20180908', 252292370);
INSERT INTO RENT (FRAME_NO, R_DATE, CLIENT) VALUES (779232583, '20170211', 746187818);

INSERT INTO SALE (CLIENT, MOTORCYCLE, SELLER, PRICE, S_DATE) VALUES (774141018, 538617208, 107, 18966, '20150608');
INSERT INTO SALE (CLIENT, MOTORCYCLE, SELLER, PRICE, S_DATE) VALUES (494804541, 536008267, 119, 5132, '20170415');
INSERT INTO SALE (CLIENT, MOTORCYCLE, SELLER, PRICE, S_DATE) VALUES (368759194, 318859512, 119, 17618, '20170204');
INSERT INTO SALE (CLIENT, MOTORCYCLE, SELLER, PRICE, S_DATE) VALUES (334455137, 295824100, 117, 8170, '20160623');
INSERT INTO SALE (CLIENT, MOTORCYCLE, SELLER, PRICE, S_DATE) VALUES (861402984, 950706355, 103, 7440, '20171004');
INSERT INTO SALE (CLIENT, MOTORCYCLE, SELLER, PRICE, S_DATE) VALUES (861402984, 306828931, 107, 4993, '20160612');
