15/05/2019 08:48,36,23,1,0.9,-1,38,99,0
15/05/2019 08:48,6,23,0,0.9,-1,37,101,0
15/05/2019 08:49,0,24,1,0.9,-1,37,101,0
15/05/2019 08:49,0,24,0,0.9,-1,37,101,0
15/05/2019 08:49,0,24,0,0.9,-1,38,102,0
15/05/2019 08:49,0,24,0,0.9,-1,37,101,0
15/05/2019 08:49,0,24,0,0.9,-1,37,100,0
15/05/2019 08:49,0,23,0,0.9,-1,36,100,0
15/05/2019 08:50,0,23,1,0.9,-1,35,102,0
15/05/2019 08:50,0,23,2,0.9,-1,36,102,0
15/05/2019 08:50,0,23,1,0.9,-1,36,102,0
15/05/2019 08:50,0,22,1,0.9,-1,37,102,0
15/05/2019 08:50,0,22,3,0.9,-1,37,101,0
15/05/2019 08:50,0,22,4,0.9,-1,36,101,0
15/05/2019 08:51,0,23,6,0.9,-1,36,100,0
15/05/2019 08:51,0,23,6,0.9,-1,36,100,0
15/05/2019 08:51,0,23,7,0.9,-1,36,7,0
15/05/2019 08:51,0,23,6,0.9,-1,36,100,0
15/05/2019 08:51,0,24,6,0.9,-1,36,100,0
15/05/2019 08:51,0,24,6,0.9,-1,36,100,0
15/05/2019 08:52,0,24,4,0.9,-1,36,100,0
15/05/2019 08:52,0,24,4,0.9,-1,35,100,0
15/05/2019 08:52,0,24,3,0.9,-1,36,100,0
15/05/2019 08:52,0,24,3,0.9,-1,36,100,0
15/05/2019 08:52,0,24,3,0.9,-1,36,100,0
15/05/2019 08:52,0,24,3,0.9,-1,37,100,0
15/05/2019 08:53,0,24,2,0.9,-1,37,100,0
15/05/2019 08:53,0,25,3,0.9,-1,37,100,0
15/05/2019 08:53,0,25,2,0.9,-1,36,100,0
15/05/2019 08:53,0,25,3,0.9,-1,37,100,0
15/05/2019 08:53,0,25,1,0.9,-1,37,101,0
15/05/2019 08:54,0,25,2,0.9,-1,37,102,0
15/05/2019 08:54,0,25,1,0.9,-1,36,100,0
15/05/2019 08:54,0,24,2,0.9,-1,34,100,0
15/05/2019 08:54,0,25,1,0.9,-1,34,100,0
15/05/2019 08:54,0,25,1,0.9,-1,33,100,0
15/05/2019 08:54,0,24,2,0.9,-1,33,100,0
15/05/2019 08:55,0,24,2,0.9,-1,33,100,0
15/05/2019 08:55,0,24,2,0.9,-1,33,100,0
15/05/2019 08:55,0,23,2,0.9,-1,33,100,0
15/05/2019 08:55,0,24,1,0.9,-1,33,100,0
15/05/2019 08:55,0,24,1,0.9,-1,33,101,0
15/05/2019 08:55,0,24,2,0.9,-1,33,100,0
15/05/2019 08:56,0,24,2,0.9,-1,34,102,0
15/05/2019 08:56,0,24,1,0.9,-1,34,102,0
15/05/2019 08:56,0,23,0,0.9,-1,34,101,0
15/05/2019 08:56,0,23,2,0.9,-1,34,102,0
15/05/2019 08:56,0,22,0,0.9,-1,35,101,0
15/05/2019 08:56,0,22,0,0.9,-1,35,101,0
15/05/2019 08:57,0,22,0,0.9,-1,35,101,0
15/05/2019 08:57,0,22,2,0.9,-1,36,101,0
15/05/2019 08:57,0,23,1,0.9,-1,37,101,0
15/05/2019 08:57,0,23,1,0.9,-1,37,101,0
15/05/2019 08:57,0,23,1,0.9,-1,37,101,0
15/05/2019 08:57,0,23,1,0.9,-1,37,101,0
15/05/2019 08:58,0,22,1,0.9,-1,37,101,0
15/05/2019 08:58,0,23,0,0.9,-1,37,102,0
15/05/2019 08:58,0,23,2,0.9,-1,37,102,0
15/05/2019 08:58,0,23,3,0.9,-1,37,101,0
15/05/2019 08:58,0,23,1,0.9,-1,36,101,0
15/05/2019 08:58,0,23,1,0.9,-1,36,101,0
15/05/2019 08:59,0,23,2,0.9,-1,36,101,0
15/05/2019 08:59,0,23,1,0.9,-1,36,101,0
15/05/2019 08:59,0,23,2,0.9,-1,36,102,0
15/05/2019 08:59,0,23,1,0.9,-1,35,101,0
15/05/2019 08:59,0,23,2,0.9,-1,35,101,0
15/05/2019 08:59,0,23,3,0.9,-1,35,102,0
15/05/2019 09:00,0,23,2,0.9,-1,34,101,0
15/05/2019 09:00,0,24,1,0.9,-1,34,101,0
15/05/2019 09:00,0,24,1,0.9,-1,34,101,0
15/05/2019 09:00,0,24,2,0.9,-1,34,101,0
15/05/2019 09:00,0,23,0,0.9,-1,34,101,0
15/05/2019 09:00,0,23,0,0.9,-1,34,101,0
15/05/2019 09:01,0,23,0,0.9,-1,35,101,0
15/05/2019 09:01,0,23,3,0.9,-1,35,102,0
15/05/2019 09:01,0,23,2,0.9,-1,36,101,0
15/05/2019 09:01,0,23,2,0.9,-1,36,101,0
15/05/2019 09:01,0,23,4,0.9,-1,36,100,0
15/05/2019 09:01,0,23,3,0.9,-1,35,99,0
15/05/2019 09:02,0,23,3,0.9,-1,36,100,0
15/05/2019 09:02,0,24,2,0.9,-1,36,100,0
15/05/2019 09:02,0,24,2,0.9,-1,36,100,0
15/05/2019 09:02,0,24,3,0.9,-1,36,100,0
15/05/2019 09:02,0,24,2,0.9,-1,36,100,0
15/05/2019 09:02,0,24,3,0.9,-1,37,100,0
15/05/2019 09:03,0,24,3,0.9,-1,37,100,0
15/05/2019 09:03,0,24,3,0.9,-1,37,100,0
15/05/2019 09:03,0,24,2,0.9,-1,37,101,0
15/05/2019 09:03,0,24,2,0.9,-1,36,101,0
15/05/2019 09:03,0,24,2,0.9,-1,35,101,0
15/05/2019 09:04,0,24,3,0.9,-1,35,100,0
15/05/2019 09:04,0,24,3,0.9,-1,35,101,0
15/05/2019 09:04,0,24,2,0.9,-1,35,100,0
15/05/2019 09:04,0,24,3,0.9,-1,35,100,0
15/05/2019 09:04,0,24,3,0.9,-1,35,100,0
15/05/2019 09:04,0,25,4,0.9,-1,35,100,0
15/05/2019 09:05,0,24,3,0.9,-1,35,100,0
15/05/2019 09:05,0,24,3,0.9,-1,35,100,0
15/05/2019 09:05,0,24,3,0.9,-1,35,100,0
15/05/2019 09:05,0,24,3,0.9,-1,35,100,0
15/05/2019 09:05,0,24,2,0.9,-1,35,101,0
15/05/2019 09:05,0,24,3,0.9,-1,35,101,0
15/05/2019 09:06,0,24,2,0.9,-1,36,101,0
15/05/2019 09:06,0,24,2,0.9,-1,36,101,0
15/05/2019 09:06,0,24,2,0.9,-1,36,101,0
15/05/2019 09:06,0,24,2,0.9,-1,36,101,0
15/05/2019 09:06,0,24,2,0.9,-1,37,101,0
15/05/2019 09:06,0,24,2,0.9,-1,37,101,0
15/05/2019 09:07,0,24,2,0.9,-1,37,101,0
15/05/2019 09:07,0,24,3,0.9,-1,37,101,0
15/05/2019 09:07,0,24,3,0.9,-1,37,101,0
15/05/2019 09:07,0,24,2,0.9,-1,37,101,0
15/05/2019 09:07,0,24,2,0.9,-1,37,101,0
15/05/2019 09:07,0,24,3,0.9,-1,36,101,0
15/05/2019 09:08,0,24,2,0.9,-1,37,100,0
15/05/2019 09:08,0,24,2,0.9,-1,37,97,0
15/05/2019 09:08,0,24,3,0.9,-1,37,75,0
15/05/2019 09:08,0,24,3,0.9,-1,37,101,0
15/05/2019 09:08,0,24,2,0.9,-1,37,101,0
15/05/2019 09:08,0,24,3,0.9,-1,37,101,0
15/05/2019 09:09,0,24,3,0.9,-1,37,101,0
15/05/2019 09:09,0,24,4,0.9,-1,37,101,0
15/05/2019 09:09,0,24,2,0.9,-1,37,101,0
15/05/2019 09:09,0,24,2,0.9,-1,37,101,0
15/05/2019 09:09,0,25,2,0.9,-1,37,101,0
15/05/2019 09:09,0,25,2,0.9,-1,37,101,0
15/05/2019 09:10,0,25,3,0.9,-1,37,101,0
15/05/2019 09:10,0,25,3,0.9,-1,37,101,0
15/05/2019 09:10,0,25,2,0.9,-1,37,101,0
15/05/2019 09:10,0,25,2,0.9,-1,37,101,0
15/05/2019 09:10,0,25,3,0.9,-1,36,101,0
15/05/2019 09:10,0,25,2,0.9,-1,36,101,0
15/05/2019 09:11,0,25,3,0.9,-1,36,101,0
15/05/2019 09:11,0,25,2,0.9,-1,36,101,0
15/05/2019 09:11,0,25,3,0.9,-1,35,101,0
15/05/2019 09:11,0,25,2,0.9,-1,35,101,0
15/05/2019 09:11,0,25,2,0.9,-1,35,101,0
15/05/2019 09:11,0,25,2,0.9,-1,34,101,0
15/05/2019 09:12,0,25,2,0.9,-1,35,101,0
15/05/2019 09:12,0,25,1,0.9,-1,35,101,0
15/05/2019 09:12,0,25,1,0.9,-1,35,100,0
15/05/2019 09:12,0,25,3,0.9,-1,35,101,0
15/05/2019 09:12,0,25,2,0.9,-1,35,101,0
15/05/2019 09:12,0,24,2,0.9,-1,35,101,0
15/05/2019 09:13,0,24,2,0.9,-1,35,101,0
15/05/2019 09:13,0,24,2,0.9,-1,35,101,0
15/05/2019 09:13,0,24,2,0.9,-1,35,101,0
15/05/2019 09:13,0,24,3,0.9,-1,35,101,0
15/05/2019 09:13,0,24,3,0.9,-1,35,101,0
15/05/2019 09:14,0,24,3,0.9,-1,35,101,0
15/05/2019 09:14,0,24,2,0.9,-1,35,101,0
15/05/2019 09:14,0,24,2,0.9,-1,35,101,0
15/05/2019 09:14,0,25,2,0.9,-1,35,101,0
15/05/2019 09:14,0,25,2,0.9,-1,35,101,0
15/05/2019 09:14,0,25,1,0.9,-1,35,101,0
15/05/2019 09:15,0,25,1,0.9,-1,35,102,0
15/05/2019 09:15,0,25,1,0.9,-1,35,102,0
15/05/2019 09:15,0,25,2,0.9,-1,35,100,0
15/05/2019 09:15,0,25,1,0.9,-1,35,100,0
15/05/2019 09:15,0,25,3,0.9,-1,35,100,0
15/05/2019 09:15,0,25,2,0.9,-1,35,100,0
15/05/2019 09:16,0,25,2,0.9,-1,35,101,0
15/05/2019 09:16,0,25,2,0.9,-1,35,100,0
15/05/2019 09:16,0,25,2,0.9,-1,35,89,0
15/05/2019 09:16,0,25,2,0.9,-1,35,101,0
15/05/2019 09:16,0,25,1,0.9,-1,35,101,0
15/05/2019 09:16,0,25,2,0.9,-1,34,100,0
15/05/2019 09:17,0,25,2,0.9,-1,34,100,0
15/05/2019 09:17,0,25,1,0.9,-1,34,100,0
15/05/2019 09:17,0,25,1,0.9,-1,35,21,0
15/05/2019 09:17,0,25,2,0.9,-1,34,101,0
15/05/2019 09:17,0,25,1,0.9,-1,34,101,0
15/05/2019 09:17,0,25,3,0.9,-1,34,100,0
15/05/2019 09:18,0,25,2,0.9,-1,34,100,0
15/05/2019 09:18,0,25,3,0.9,-1,35,101,0
15/05/2019 09:18,0,25,2,0.9,-1,35,100,0
15/05/2019 09:18,0,25,3,0.9,-1,35,100,0
15/05/2019 09:18,0,25,4,0.9,-1,36,100,0
15/05/2019 09:18,0,25,3,0.9,-1,36,101,0
15/05/2019 09:19,0,26,3,0.9,-1,36,25,0
15/05/2019 09:19,0,26,3,0.9,-1,36,100,0
15/05/2019 09:19,0,26,3,0.9,-1,38,100,0
15/05/2019 09:19,0,26,3,0.9,-1,37,100,0
15/05/2019 09:19,0,26,3,0.9,-1,37,100,0
15/05/2019 09:19,0,26,4,0.9,-1,37,100,0
15/05/2019 09:20,0,26,3,0.9,-1,37,100,0
15/05/2019 09:20,0,26,3,0.9,-1,36,100,0
15/05/2019 09:20,0,26,4,0.9,-1,36,100,0
15/05/2019 09:20,0,26,3,0.9,-1,36,100,0
15/05/2019 09:20,0,26,3,0.9,-1,36,100,0
15/05/2019 09:20,0,27,3,0.9,-1,36,100,0
15/05/2019 09:21,0,27,4,0.9,-1,36,100,0
15/05/2019 09:21,0,27,3,0.9,-1,36,100,0
15/05/2019 09:21,0,27,3,0.9,-1,36,100,0
15/05/2019 09:21,0,27,4,0.9,-1,36,100,0
15/05/2019 09:21,0,27,3,0.9,-1,36,100,0
15/05/2019 09:21,0,27,2,0.9,-1,36,99,0
15/05/2019 09:22,0,27,3,0.9,-1,36,100,0
15/05/2019 09:22,0,27,3,0.9,-1,36,99,0
15/05/2019 09:22,0,27,3,0.9,-1,36,100,0
15/05/2019 09:22,0,27,3,0.9,-1,36,100,0
15/05/2019 09:22,0,28,3,0.9,-1,36,100,0
15/05/2019 09:22,0,28,2,0.9,-1,36,100,0
15/05/2019 09:23,0,28,4,0.9,-1,36,100,0
15/05/2019 09:23,0,28,3,0.9,-1,36,100,0
15/05/2019 09:23,0,28,3,0.9,-1,36,100,0
15/05/2019 09:23,0,28,3,0.9,-1,35,100,0
15/05/2019 09:23,0,28,3,0.9,-1,35,100,0
15/05/2019 09:23,0,28,4,0.9,-1,35,100,0
15/05/2019 09:24,0,28,3,0.9,-1,35,100,0
15/05/2019 09:24,0,28,3,0.9,-1,35,100,0
15/05/2019 09:24,0,28,3,0.9,-1,35,100,0
15/05/2019 09:24,0,29,3,0.9,-1,35,100,0
15/05/2019 09:24,0,29,4,0.9,-1,35,100,0
15/05/2019 09:25,0,29,4,0.9,-1,35,100,0
15/05/2019 09:25,0,29,3,0.9,-1,35,100,0
15/05/2019 09:25,0,29,3,0.9,-1,33,100,0
15/05/2019 09:25,0,29,3,0.9,-1,32,100,0
15/05/2019 09:25,0,29,3,0.9,-1,32,100,0
15/05/2019 09:25,0,29,2,0.9,-1,33,101,0
15/05/2019 09:26,0,29,2,0.9,-1,32,100,0
15/05/2019 09:26,0,29,2,0.9,-1,32,101,0
15/05/2019 09:26,0,29,2,0.9,-1,31,100,0
15/05/2019 09:26,0,29,2,0.9,-1,30,101,0
15/05/2019 09:26,0,28,2,0.9,-1,30,101,0
15/05/2019 09:26,0,28,2,0.9,-1,29,101,0
15/05/2019 09:27,0,28,2,0.9,-1,29,101,0
15/05/2019 09:27,0,28,2,0.9,-1,30,101,0
15/05/2019 09:27,0,28,2,0.9,-1,30,100,0
15/05/2019 09:27,0,28,3,0.9,-1,30,99,0
15/05/2019 09:27,0,28,2,0.9,-1,31,101,0
15/05/2019 09:27,0,27,3,0.9,-1,31,101,0
15/05/2019 09:28,0,27,3,0.9,-1,31,101,0
15/05/2019 09:28,0,27,3,0.9,-1,31,101,0
15/05/2019 09:28,0,27,3,0.9,-1,31,101,0
15/05/2019 09:28,0,27,2,0.9,-1,32,101,0
15/05/2019 09:28,0,27,2,0.9,-1,32,101,0
15/05/2019 09:28,0,27,3,0.9,-1,32,101,0
15/05/2019 09:29,0,26,2,0.9,-1,32,101,0
15/05/2019 09:29,0,26,2,0.9,-1,33,101,0
15/05/2019 09:29,0,26,1,0.9,-1,32,101,0
15/05/2019 09:29,0,26,0,0.9,-1,32,101,0
15/05/2019 09:29,0,26,2,0.9,-1,32,101,0
15/05/2019 09:29,0,25,3,0.9,-1,31,102,0
15/05/2019 09:30,0,25,3,0.9,-1,32,101,0
15/05/2019 09:30,0,25,2,0.9,-1,33,101,0
15/05/2019 09:30,0,25,2,0.9,-1,33,101,0
15/05/2019 09:30,0,25,2,0.9,-1,34,101,0
15/05/2019 09:30,0,25,1,0.9,-1,34,101,0
15/05/2019 09:30,0,25,2,0.9,-1,34,101,0
15/05/2019 09:31,0,25,2,0.9,-1,34,101,0
15/05/2019 09:31,0,25,1,0.9,-1,33,101,0
15/05/2019 09:31,0,24,1,0.9,-1,34,101,0
15/05/2019 09:31,0,24,1,0.9,-1,34,101,0
15/05/2019 09:31,0,24,2,0.9,-1,34,101,0
15/05/2019 09:31,0,24,1,0.9,-1,35,101,0
15/05/2019 09:32,0,24,2,0.9,-1,35,101,0
15/05/2019 09:32,0,24,3,0.9,-1,35,101,0
15/05/2019 09:32,0,24,1,0.9,-1,36,101,0
15/05/2019 09:32,0,24,2,0.9,-1,36,101,0
15/05/2019 09:32,0,24,1,0.9,-1,36,101,0
15/05/2019 09:32,0,24,1,0.9,-1,36,101,0
15/05/2019 09:33,0,24,3,0.9,-1,36,101,0
15/05/2019 09:33,0,24,1,0.9,-1,36,101,0
15/05/2019 09:33,0,24,1,0.9,-1,35,101,0
15/05/2019 09:33,0,24,1,0.9,-1,35,101,0
15/05/2019 09:33,0,23,2,0.9,-1,35,101,0
15/05/2019 09:33,0,23,2,0.9,-1,35,101,0
15/05/2019 09:34,0,23,2,0.9,-1,35,101,0
15/05/2019 09:34,0,23,2,0.9,-1,36,101,0
15/05/2019 09:34,0,23,1,0.9,-1,36,100,0
15/05/2019 09:34,0,23,2,0.9,-1,36,101,0
15/05/2019 09:34,0,23,2,0.9,-1,36,101,0
15/05/2019 09:35,0,23,2,0.9,-1,37,101,0
15/05/2019 09:35,0,23,2,0.9,-1,37,101,0
15/05/2019 09:35,0,23,2,0.9,-1,37,101,0
15/05/2019 09:35,0,23,2,0.9,-1,38,101,0
15/05/2019 09:35,0,23,1,0.9,-1,38,101,0
15/05/2019 09:35,0,24,1,0.9,-1,38,101,0
15/05/2019 09:36,0,24,1,0.9,-1,38,101,0
15/05/2019 09:36,0,24,1,0.9,-1,37,101,0
15/05/2019 09:36,0,24,1,0.9,-1,37,99,0
15/05/2019 09:36,0,24,1,0.9,-1,36,100,0
15/05/2019 09:36,0,24,2,0.9,-1,37,101,0
15/05/2019 09:36,0,23,4,0.9,-1,37,101,0
15/05/2019 09:37,0,24,5,0.9,-1,37,101,0
15/05/2019 09:37,0,24,3,0.9,-1,37,101,0
15/05/2019 09:37,0,23,4,0.9,-1,38,101,0
15/05/2019 09:37,0,23,4,0.9,-1,37,101,0
15/05/2019 09:37,0,23,2,0.9,-1,37,101,0
15/05/2019 09:37,0,23,1,0.9,-1,37,101,0
15/05/2019 09:38,0,23,0,0.9,-1,37,101,0
15/05/2019 09:38,0,23,1,0.9,-1,37,101,0
15/05/2019 09:38,0,23,1,0.9,-1,37,101,0
15/05/2019 09:38,0,23,0,0.9,-1,37,101,0
15/05/2019 09:38,0,23,1,0.9,-1,38,100,0
15/05/2019 09:38,0,23,1,0.9,-1,38,101,0
15/05/2019 09:39,0,23,2,0.9,-1,38,101,0
15/05/2019 09:39,0,23,1,0.9,-1,38,101,0
15/05/2019 09:39,0,23,1,0.9,-1,38,101,0
15/05/2019 09:39,0,23,1,0.9,-1,39,101,0
15/05/2019 09:39,0,23,1,0.9,-1,38,101,0
15/05/2019 09:39,0,23,1,0.9,-1,38,101,0
15/05/2019 09:40,0,23,1,0.9,-1,38,101,0
15/05/2019 09:40,0,23,1,0.9,-1,39,101,0
15/05/2019 09:40,0,23,1,0.9,-1,39,101,0
15/05/2019 09:40,0,23,1,0.9,-1,39,101,0
15/05/2019 09:40,0,23,1,0.9,-1,39,101,0
15/05/2019 09:40,0,23,1,0.9,-1,39,101,0
15/05/2019 09:41,0,23,0,0.9,-1,39,101,0
15/05/2019 09:41,0,23,1,0.9,-1,39,101,0
15/05/2019 09:41,0,23,1,0.9,-1,39,101,0
15/05/2019 09:41,0,23,1,0.9,-1,39,101,0
15/05/2019 09:41,0,23,0,0.9,-1,39,101,0
15/05/2019 09:41,0,23,0,0.9,-1,39,101,0
15/05/2019 09:42,0,23,2,0.9,-1,39,101,0
15/05/2019 09:42,0,23,0,0.9,-1,40,101,0
15/05/2019 09:42,0,23,1,0.9,-1,40,100,0
15/05/2019 09:42,0,23,1,0.9,-1,40,101,0
15/05/2019 09:42,0,23,1,0.9,-1,41,101,0
15/05/2019 09:42,0,23,1,0.9,-1,41,101,0
15/05/2019 09:43,0,23,1,0.9,-1,40,101,0
15/05/2019 09:43,0,23,0,0.9,-1,40,101,0
15/05/2019 09:43,0,23,0,0.9,-1,39,101,0
15/05/2019 09:43,0,23,1,0.9,-1,39,101,0
15/05/2019 09:43,0,23,1,0.9,-1,39,101,0
15/05/2019 09:43,0,23,0,0.9,-1,39,101,0
15/05/2019 09:44,0,23,1,0.9,-1,39,101,0
15/05/2019 09:44,0,23,0,0.9,-1,39,101,0
15/05/2019 09:44,0,23,1,0.9,-1,39,101,0
15/05/2019 09:44,0,23,1,0.9,-1,40,101,0
15/05/2019 09:44,0,23,1,0.9,-1,40,101,0
15/05/2019 09:44,0,23,1,0.9,-1,40,101,0
15/05/2019 09:45,0,23,1,0.9,-1,41,101,0
15/05/2019 09:45,0,23,1,0.9,-1,41,101,0
15/05/2019 09:45,0,23,1,0.9,-1,41,101,0
15/05/2019 09:45,0,23,0,0.9,-1,40,101,0
15/05/2019 09:45,0,23,1,0.9,-1,41,101,0
15/05/2019 09:46,0,23,1,0.9,-1,41,101,0
15/05/2019 09:46,0,23,0,0.9,-1,41,101,0
15/05/2019 09:46,0,23,0,0.9,-1,41,101,0
15/05/2019 09:46,0,23,2,0.9,-1,40,101,0
15/05/2019 09:46,0,23,1,0.9,-1,40,101,0
15/05/2019 09:46,0,22,1,0.9,-1,41,101,0
15/05/2019 09:47,0,23,1,0.9,-1,41,101,0
15/05/2019 09:47,0,22,0,0.9,-1,41,101,0
15/05/2019 09:47,0,22,1,0.9,-1,42,101,0
15/05/2019 09:47,0,22,0,0.9,-1,41,101,0
15/05/2019 09:47,0,22,0,0.9,-1,41,101,0
15/05/2019 09:47,0,23,0,0.9,-1,41,101,0
15/05/2019 09:48,0,23,0,0.9,-1,41,101,0
15/05/2019 09:48,0,23,0,0.9,-1,40,101,0
15/05/2019 09:48,0,23,0,0.9,-1,39,101,0
15/05/2019 09:48,0,22,0,0.9,-1,39,101,0
15/05/2019 09:48,0,23,0,0.9,-1,38,101,0
15/05/2019 09:48,0,23,0,0.9,-1,38,101,0
15/05/2019 09:49,0,23,0,0.9,-1,38,101,0
15/05/2019 09:49,0,23,0,0.9,-1,38,101,0
15/05/2019 09:49,0,23,1,0.9,-1,38,101,0
15/05/2019 09:49,0,23,0,0.9,-1,38,101,0
15/05/2019 09:49,0,23,0,0.9,-1,39,101,0
15/05/2019 09:49,0,23,1,0.9,-1,39,101,0
15/05/2019 09:50,0,23,0,0.9,-1,39,101,0
15/05/2019 09:50,0,23,2,0.9,-1,40,101,0
15/05/2019 09:50,0,23,2,0.9,-1,40,101,0
15/05/2019 09:50,0,23,1,0.9,-1,40,101,0
15/05/2019 09:50,0,23,1,0.9,-1,40,101,0
15/05/2019 09:50,0,23,0,0.9,-1,40,101,0
15/05/2019 09:51,0,23,0,0.9,-1,39,101,0
15/05/2019 09:51,0,24,0,0.9,-1,39,101,0
15/05/2019 09:51,0,24,1,0.9,-1,40,101,0
15/05/2019 09:51,0,24,1,0.9,-1,40,101,0
15/05/2019 09:51,0,24,1,0.9,-1,41,100,0
15/05/2019 09:51,0,24,1,0.9,-1,42,101,0
15/05/2019 09:52,0,24,1,0.9,-1,42,101,0
15/05/2019 09:52,0,24,1,0.9,-1,41,101,0
15/05/2019 09:52,0,24,1,0.9,-1,41,100,0
15/05/2019 09:52,0,24,1,0.9,-1,40,101,0
15/05/2019 09:52,0,24,1,0.9,-1,41,101,0
15/05/2019 09:52,0,24,1,0.9,-1,41,101,0
15/05/2019 09:53,0,24,1,0.9,-1,41,101,0
15/05/2019 09:53,0,24,1,0.9,-1,41,101,0
15/05/2019 09:53,0,24,1,0.9,-1,40,101,0
15/05/2019 09:53,0,25,0,0.9,-1,40,101,0
15/05/2019 09:53,0,25,1,0.9,-1,40,101,0
15/05/2019 09:53,0,25,1,0.9,-1,39,101,0
15/05/2019 09:54,0,25,1,0.9,-1,38,101,0
15/05/2019 09:54,0,25,1,0.9,-1,38,101,0
15/05/2019 09:54,0,25,1,0.9,-1,38,101,0
15/05/2019 09:54,0,25,1,0.9,-1,38,101,0
15/05/2019 09:54,0,25,1,0.9,-1,37,101,0
15/05/2019 09:54,0,25,1,0.9,-1,37,101,0
15/05/2019 09:55,0,25,0,0.9,-1,36,101,0
15/05/2019 09:55,0,25,1,0.9,-1,37,101,0
15/05/2019 09:55,0,25,2,0.9,-1,38,101,0
15/05/2019 09:55,0,25,2,0.9,-1,39,101,0
15/05/2019 09:55,0,25,1,0.9,-1,39,101,0
15/05/2019 09:56,0,25,1,0.9,-1,40,101,0
15/05/2019 09:56,0,25,5,0.9,-1,39,101,0
15/05/2019 09:56,0,25,2,0.9,-1,38,101,0
15/05/2019 09:56,0,25,4,0.9,-1,38,101,0
15/05/2019 09:56,0,24,2,0.9,-1,38,101,0
15/05/2019 09:56,0,24,0,0.9,-1,37,101,0
15/05/2019 09:57,0,24,1,0.9,-1,38,100,0
15/05/2019 09:57,0,25,2,0.9,-1,40,99,0
15/05/2019 09:57,0,25,1,0.9,-1,40,101,0
15/05/2019 09:57,0,25,0,0.9,-1,40,99,0
15/05/2019 09:57,0,25,0,0.9,-1,40,61,0
15/05/2019 09:57,0,25,0,0.9,-1,39,101,0
15/05/2019 09:58,0,25,0,0.9,-1,38,101,0
15/05/2019 09:58,0,25,0,0.9,-1,38,101,0
15/05/2019 09:58,0,25,1,0.9,-1,38,101,0
15/05/2019 09:58,0,25,1,0.9,-1,39,101,0
15/05/2019 09:58,0,25,0,0.9,-1,39,101,0
15/05/2019 09:58,0,25,1,0.9,-1,39,101,0
15/05/2019 09:59,0,25,2,0.9,-1,39,101,0
15/05/2019 09:59,0,25,2,0.9,-1,39,100,0
15/05/2019 09:59,0,25,0,0.9,-1,39,101,0
15/05/2019 09:59,0,25,0,0.9,-1,39,101,0
15/05/2019 09:59,0,25,0,0.9,-1,38,101,0
15/05/2019 09:59,0,25,0,0.9,-1,38,101,0
15/05/2019 10:00,0,25,0,0.9,-1,38,101,0
15/05/2019 10:00,0,25,0,0.9,-1,38,101,0
15/05/2019 10:00,0,25,0,0.9,-1,38,100,0
15/05/2019 10:00,0,25,2,0.9,-1,39,101,0
15/05/2019 10:00,0,25,1,0.9,-1,39,101,0
15/05/2019 10:00,0,25,1,0.9,-1,39,101,0
15/05/2019 10:01,0,25,2,0.9,-1,40,101,0
15/05/2019 10:01,0,25,1,0.9,-1,40,101,0
15/05/2019 10:01,0,25,1,0.9,-1,40,101,0
15/05/2019 10:01,0,25,1,0.9,-1,40,101,0
15/05/2019 10:01,0,25,1,0.9,-1,41,101,0
15/05/2019 10:01,0,25,1,0.9,-1,43,101,0
15/05/2019 10:02,0,25,0,0.9,-1,44,100,0
15/05/2019 10:02,0,25,0,0.9,-1,44,101,0
15/05/2019 10:02,0,25,0,0.9,-1,42,101,0
15/05/2019 10:02,0,25,1,0.9,-1,41,101,0
15/05/2019 10:02,0,25,1,0.9,-1,41,101,0
15/05/2019 10:02,0,25,1,0.9,-1,41,101,0
15/05/2019 10:03,0,25,0,0.9,-1,41,101,0
15/05/2019 10:03,0,25,1,0.9,-1,40,100,0
15/05/2019 10:03,0,25,1,0.9,-1,40,101,0
15/05/2019 10:03,0,25,1,0.9,-1,40,101,0
15/05/2019 10:03,0,24,1,0.9,-1,40,99,0
15/05/2019 10:03,0,24,1,0.9,-1,41,101,0
15/05/2019 10:04,0,24,1,0.9,-1,41,100,0
15/05/2019 10:04,0,25,0,0.9,-1,40,101,0
15/05/2019 10:04,0,25,0,0.9,-1,40,101,0
15/05/2019 10:04,0,25,0,0.9,-1,40,101,0
15/05/2019 10:04,0,24,0,0.9,-1,40,100,0
15/05/2019 10:04,0,24,1,0.9,-1,41,101,0
15/05/2019 10:05,0,24,0,0.9,-1,41,101,0
15/05/2019 10:05,0,24,1,0.9,-1,41,101,0
15/05/2019 10:05,0,24,1,0.9,-1,41,101,0
15/05/2019 10:05,0,24,1,0.9,-1,41,101,0
15/05/2019 10:05,0,24,1,0.9,-1,40,101,0
15/05/2019 10:06,0,24,0,0.9,-1,40,101,0
15/05/2019 10:06,0,24,0,0.9,-1,40,101,0
15/05/2019 10:06,0,24,0,0.9,-1,40,101,0
15/05/2019 10:06,0,24,1,0.9,-1,40,101,0
15/05/2019 10:06,0,24,0,0.9,-1,41,100,0
15/05/2019 10:06,0,24,1,0.9,-1,40,101,0
15/05/2019 10:07,0,24,1,0.9,-1,40,101,0
15/05/2019 10:07,0,24,1,0.9,-1,40,95,0
15/05/2019 10:07,0,24,0,0.9,-1,40,101,0
15/05/2019 10:07,0,24,1,0.9,-1,40,102,0
15/05/2019 10:07,0,24,0,0.9,-1,40,101,0
15/05/2019 10:07,0,24,1,0.9,-1,40,101,0
15/05/2019 10:08,0,24,0,0.9,-1,41,101,0
15/05/2019 10:08,0,24,0,0.9,-1,40,101,0
15/05/2019 10:08,0,24,1,0.9,-1,40,101,0
15/05/2019 10:08,0,24,1,0.9,-1,40,101,0
15/05/2019 10:08,0,24,1,0.9,-1,40,101,0
15/05/2019 10:08,0,24,1,0.9,-1,39,101,0
15/05/2019 10:09,0,24,1,0.9,-1,40,101,0
15/05/2019 10:09,0,24,1,0.9,-1,40,101,0
15/05/2019 10:09,0,24,1,0.9,-1,40,101,0
15/05/2019 10:09,0,24,1,0.9,-1,41,101,0
15/05/2019 10:09,0,24,1,0.9,-1,41,101,0
15/05/2019 10:09,0,25,1,0.9,-1,41,100,0
15/05/2019 10:10,0,25,0,0.9,-1,41,101,0
15/05/2019 10:10,0,25,0,0.9,-1,41,101,0
15/05/2019 10:10,0,25,0,0.9,-1,40,101,0
15/05/2019 10:10,0,25,0,0.9,-1,39,101,0
15/05/2019 10:10,0,25,0,0.9,-1,38,101,0
15/05/2019 10:10,0,25,0,0.9,-1,38,101,0
15/05/2019 10:11,0,25,0,0.9,-1,38,101,0
15/05/2019 10:11,0,24,0,0.9,-1,37,101,0
15/05/2019 10:11,0,24,0,0.9,-1,38,101,0
15/05/2019 10:11,0,24,1,0.9,-1,37,101,0
15/05/2019 10:11,0,24,0,0.9,-1,38,101,0
15/05/2019 10:11,0,24,0,0.9,-1,38,101,0
15/05/2019 10:12,0,24,0,0.9,-1,38,101,0
15/05/2019 10:12,0,24,0,0.9,-1,38,101,0
15/05/2019 10:12,0,24,1,0.9,-1,38,101,0
15/05/2019 10:12,0,24,1,0.9,-1,38,101,0
15/05/2019 10:12,0,24,0,0.9,-1,38,101,0
15/05/2019 10:12,0,24,1,0.9,-1,38,101,0
15/05/2019 10:13,0,24,1,0.9,-1,38,101,0
15/05/2019 10:13,0,24,0,0.9,-1,39,100,0
15/05/2019 10:13,0,24,1,0.9,-1,38,101,0
15/05/2019 10:13,0,24,1,0.9,-1,38,101,0
15/05/2019 10:13,0,24,2,0.9,-1,39,101,0
15/05/2019 10:13,0,24,1,0.9,-1,39,101,0
15/05/2019 10:14,0,24,1,0.9,-1,38,101,0
15/05/2019 10:14,0,24,1,0.9,-1,39,101,0
15/05/2019 10:14,0,24,1,0.9,-1,39,101,0
15/05/2019 10:14,0,24,1,0.9,-1,39,101,0
15/05/2019 10:14,0,24,2,0.9,-1,39,101,0
15/05/2019 10:14,0,24,1,0.9,-1,39,101,0
15/05/2019 10:15,0,24,1,0.9,-1,39,101,0
15/05/2019 10:15,0,24,1,0.9,-1,39,101,0
15/05/2019 10:15,0,24,1,0.9,-1,39,101,0
15/05/2019 10:15,0,24,1,0.9,-1,39,101,0
15/05/2019 10:15,0,24,1,0.9,-1,39,101,0
15/05/2019 10:15,0,24,0,0.9,-1,38,101,0
15/05/2019 10:16,0,24,0,0.9,-1,38,101,0
15/05/2019 10:16,0,24,1,0.9,-1,37,101,0
15/05/2019 10:16,0,24,1,0.9,-1,37,101,0
15/05/2019 10:16,0,24,1,0.9,-1,37,101,0
15/05/2019 10:16,0,24,0,0.9,-1,37,101,0
15/05/2019 10:17,0,24,1,0.9,-1,37,101,0
15/05/2019 10:17,0,24,1,0.9,-1,37,101,0
15/05/2019 10:17,0,24,1,0.9,-1,38,101,0
15/05/2019 10:17,0,24,1,0.9,-1,38,101,0
15/05/2019 10:17,0,24,1,0.9,-1,38,101,0
15/05/2019 10:17,0,24,1,0.9,-1,38,101,0
15/05/2019 10:18,0,24,1,0.9,-1,39,101,0
15/05/2019 10:18,0,24,0,0.9,-1,39,101,0
15/05/2019 10:18,0,24,1,0.9,-1,39,101,0
15/05/2019 10:18,0,24,0,0.9,-1,39,101,0
15/05/2019 10:18,0,24,1,0.9,-1,39,101,0
15/05/2019 10:18,0,24,1,0.9,-1,38,101,0
15/05/2019 10:19,0,24,0,0.9,-1,38,101,0
15/05/2019 10:19,0,24,0,0.9,-1,38,101,0
15/05/2019 10:19,0,24,1,0.9,-1,38,101,0
15/05/2019 10:19,0,24,1,0.9,-1,38,101,0
15/05/2019 10:19,0,24,0,0.9,-1,37,101,0
15/05/2019 10:19,0,24,0,0.9,-1,37,101,0
15/05/2019 10:20,0,24,0,0.9,-1,37,101,0
15/05/2019 10:20,0,24,0,0.9,-1,37,102,0
15/05/2019 10:20,0,24,-2,0.9,-1,38,101,0
15/05/2019 10:20,0,24,0,0.9,-1,39,101,0
15/05/2019 10:20,0,24,0,0.9,-1,38,101,0
15/05/2019 10:20,0,24,0,0.9,-1,39,101,0
15/05/2019 10:21,0,24,1,0.9,-1,39,101,0
15/05/2019 10:21,0,24,1,0.9,-1,39,101,0
15/05/2019 10:21,0,24,1,0.9,-1,39,101,0
15/05/2019 10:21,0,24,1,0.9,-1,39,101,0
15/05/2019 10:21,0,24,1,0.9,-1,40,101,0
15/05/2019 10:21,0,24,0,0.9,-1,39,101,0
15/05/2019 10:22,0,24,1,0.9,-1,39,101,0
15/05/2019 10:22,0,24,2,0.9,-1,38,101,0
15/05/2019 10:22,0,24,2,0.9,-1,39,101,0
15/05/2019 10:22,0,25,1,0.9,-1,38,101,0
15/05/2019 10:22,0,25,1,0.9,-1,38,101,0
15/05/2019 10:22,0,25,0,0.9,-1,39,100,0
15/05/2019 10:23,0,25,0,0.9,-1,39,101,0
15/05/2019 10:23,0,25,1,0.9,-1,37,101,0
15/05/2019 10:23,0,25,0,0.9,-1,36,101,0
15/05/2019 10:23,0,25,0,0.9,-1,36,101,0
15/05/2019 10:23,0,25,0,0.9,-1,35,101,0
15/05/2019 10:23,0,25,0,0.9,-1,37,101,0
15/05/2019 10:24,0,25,1,0.9,-1,37,101,0
15/05/2019 10:24,0,25,1,0.9,-1,37,101,0
15/05/2019 10:24,0,25,0,0.9,-1,36,102,0
15/05/2019 10:24,0,25,1,0.9,-1,36,101,0
15/05/2019 10:24,0,25,1,0.9,-1,37,101,0
15/05/2019 10:24,0,25,1,0.9,-1,37,101,0
15/05/2019 10:25,0,25,0,0.9,-1,37,101,0
15/05/2019 10:25,0,25,1,0.9,-1,37,100,0
15/05/2019 10:25,0,25,2,0.9,-1,37,100,0
15/05/2019 10:25,0,25,1,0.9,-1,38,100,0
15/05/2019 10:25,0,26,1,0.9,-1,38,100,0
15/05/2019 10:25,0,26,1,0.9,-1,39,99,0
15/05/2019 10:26,0,26,0,0.9,-1,39,99,0
15/05/2019 10:26,0,26,0,0.9,-1,40,101,0
15/05/2019 10:26,0,26,0,0.9,-1,40,101,0
15/05/2019 10:26,0,26,-2,0.9,-1,38,100,0
15/05/2019 10:26,0,26,0,0.9,-1,36,101,0
15/05/2019 10:27,0,26,0,0.9,-1,35,101,0
15/05/2019 10:27,0,26,0,0.9,-1,34,101,0
15/05/2019 10:27,0,26,0,0.9,-1,34,101,0
15/05/2019 10:27,0,26,1,0.9,-1,33,101,0
15/05/2019 10:27,0,26,0,0.9,-1,33,101,0
15/05/2019 10:27,0,26,0,0.9,-1,33,101,0
15/05/2019 10:28,0,26,0,0.9,-1,34,100,0
15/05/2019 10:28,0,26,1,0.9,-1,34,99,0
15/05/2019 10:28,0,26,1,0.9,-1,35,100,0
15/05/2019 10:28,0,27,0,0.9,-1,36,101,0
15/05/2019 10:28,0,27,0,0.9,-1,36,101,0
15/05/2019 10:28,0,27,0,0.9,-1,36,101,0
15/05/2019 10:29,0,27,0,0.9,-1,34,101,0
15/05/2019 10:29,0,27,1,0.9,-1,33,101,0
15/05/2019 10:29,0,27,1,0.9,-1,33,101,0
15/05/2019 10:29,0,27,0,0.9,-1,33,101,0
15/05/2019 10:29,0,27,1,0.9,-1,32,101,0
15/05/2019 10:29,0,27,1,0.9,-1,32,101,0
15/05/2019 10:30,0,27,1,0.9,-1,32,101,0
15/05/2019 10:30,0,27,1,0.9,-1,32,101,0
15/05/2019 10:30,0,27,1,0.9,-1,32,101,0
15/05/2019 10:30,0,27,1,0.9,-1,32,101,0
15/05/2019 10:30,0,27,1,0.9,-1,32,101,0
15/05/2019 10:30,0,27,1,0.9,-1,33,101,0
15/05/2019 10:31,0,27,0,0.9,-1,33,101,0
15/05/2019 10:31,0,25,0,0.9,-1,33,101,0
15/05/2019 10:31,0,25,1,0.9,-1,31,101,0
15/05/2019 10:31,0,26,1,0.9,-1,30,101,0
15/05/2019 10:31,0,26,0,0.9,-1,31,101,0
15/05/2019 10:31,0,26,0,0.9,-1,31,101,0
15/05/2019 10:32,0,25,1,0.9,-1,32,101,0
15/05/2019 10:32,0,26,0,0.9,-1,32,101,0
15/05/2019 10:32,0,26,0,0.9,-1,32,100,0
15/05/2019 10:32,0,26,0,0.9,-1,33,100,0
15/05/2019 10:32,0,26,0,0.9,-1,33,101,0
15/05/2019 10:32,0,26,0,0.9,-1,34,101,0
15/05/2019 10:33,0,26,0,0.9,-1,33,101,0
15/05/2019 10:33,0,26,0,0.9,-1,33,101,0
15/05/2019 10:33,0,26,0,0.9,-1,33,101,0
15/05/2019 10:33,0,26,0,0.9,-1,32,101,0
15/05/2019 10:33,0,26,0,0.9,-1,32,100,0
15/05/2019 10:33,0,26,0,0.9,-1,32,100,0
15/05/2019 10:34,0,26,0,0.9,-1,32,101,0
15/05/2019 10:34,0,26,0,0.9,-1,32,100,0
15/05/2019 10:34,0,26,0,0.9,-1,31,100,0
15/05/2019 10:34,0,25,-2,0.9,-1,30,101,0
15/05/2019 10:34,0,25,0,0.9,-1,28,101,0
15/05/2019 10:34,0,25,0,0.9,-1,28,100,0
15/05/2019 10:35,0,25,0,0.9,-1,28,101,0
15/05/2019 10:35,0,25,0,0.9,-1,29,101,0
15/05/2019 10:35,0,25,0,0.9,-1,30,101,0
15/05/2019 10:35,0,25,0,0.9,-1,31,101,0
15/05/2019 10:35,0,25,0,0.9,-1,31,100,0
15/05/2019 10:35,0,25,-2,0.9,-1,30,101,0
15/05/2019 10:36,0,25,1,0.9,-1,30,101,0
15/05/2019 10:36,0,24,0,0.9,-1,30,101,0
15/05/2019 10:36,0,24,0,0.9,-1,30,101,0
15/05/2019 10:36,0,24,0,0.9,-1,30,101,0
15/05/2019 10:36,0,24,0,0.9,-1,30,101,0
15/05/2019 10:36,0,24,0,0.9,-1,31,101,0
15/05/2019 10:37,0,25,0,0.9,-1,32,101,0
15/05/2019 10:37,0,25,0,0.9,-1,32,101,0
15/05/2019 10:37,0,25,0,0.9,-1,32,3,0
15/05/2019 10:37,0,25,0,0.9,-1,33,101,0
15/05/2019 10:37,0,25,0,0.9,-1,34,98,0
15/05/2019 10:38,0,25,0,0.9,-1,34,101,0
15/05/2019 10:38,0,25,0,0.9,-1,34,101,0
15/05/2019 10:38,0,25,0,0.9,-1,33,101,0
15/05/2019 10:38,0,25,0,0.9,-1,32,101,0
15/05/2019 10:38,0,25,0,0.9,-1,31,101,0
15/05/2019 10:38,0,25,0,0.9,-1,31,101,0
15/05/2019 10:39,0,25,0,0.9,-1,31,101,0
15/05/2019 10:39,0,25,0,0.9,-1,31,101,0
15/05/2019 10:39,0,25,0,0.9,-1,29,101,0
15/05/2019 10:39,0,25,0,0.9,-1,29,101,0
15/05/2019 10:39,0,25,0,0.9,-1,30,101,0
15/05/2019 10:39,0,25,0,0.9,-1,30,101,0
15/05/2019 10:40,0,25,-2,0.9,-1,30,101,0
15/05/2019 10:40,0,25,0,0.9,-1,30,101,0
15/05/2019 10:40,0,25,0,0.9,-1,30,101,0
15/05/2019 10:40,0,25,0,0.9,-1,30,101,0
15/05/2019 10:40,0,25,0,0.9,-1,30,101,0
15/05/2019 10:40,0,24,0,0.9,-1,29,101,0
15/05/2019 10:41,0,25,0,0.9,-1,28,101,0
15/05/2019 10:41,0,25,0,0.9,-1,29,101,0
15/05/2019 10:41,0,25,0,0.9,-1,30,101,0
15/05/2019 10:41,0,25,0,0.9,-1,30,101,0
15/05/2019 10:41,0,25,0,0.9,-1,30,101,0
15/05/2019 10:41,0,25,-2,0.9,-1,31,101,0
15/05/2019 10:42,0,25,-2,0.9,-1,31,101,0
15/05/2019 10:42,0,25,0,0.9,-1,31,101,0
15/05/2019 10:42,0,25,0,0.9,-1,31,101,0
15/05/2019 10:42,0,25,0,0.9,-1,30,101,0
15/05/2019 10:42,0,25,0,0.9,-1,29,101,0
15/05/2019 10:42,0,25,0,0.9,-1,29,101,0
15/05/2019 10:43,0,25,0,0.9,-1,29,101,0
15/05/2019 10:43,0,25,-2,0.9,-1,29,101,0
15/05/2019 10:43,0,25,-2,0.9,-1,30,100,0
15/05/2019 10:43,0,25,0,0.9,-1,30,100,0
15/05/2019 10:43,0,25,0,0.9,-1,28,100,0
15/05/2019 10:43,0,25,-2,0.9,-1,28,100,0
15/05/2019 10:44,0,25,0,0.9,-1,29,100,0
15/05/2019 10:44,0,25,0,0.9,-1,29,100,0
15/05/2019 10:44,0,25,0,0.9,-1,29,101,0
15/05/2019 10:44,0,25,0,0.9,-1,30,101,0
15/05/2019 10:44,0,25,-2,0.9,-1,31,101,0
15/05/2019 10:44,0,25,0,0.9,-1,32,101,0
15/05/2019 10:45,0,25,-2,0.9,-1,32,101,0
15/05/2019 10:45,0,25,0,0.9,-1,33,101,0
15/05/2019 10:45,0,25,-2,0.9,-1,33,101,0
15/05/2019 10:45,0,25,-2,0.9,-1,33,101,0
15/05/2019 10:45,0,25,0,0.9,-1,32,100,0
15/05/2019 10:45,0,25,0,0.9,-1,31,101,0
15/05/2019 10:46,0,25,0,0.9,-1,31,101,0
15/05/2019 10:46,0,24,0,0.9,-1,33,101,0
15/05/2019 10:46,0,25,0,0.9,-1,34,101,0
15/05/2019 10:46,0,25,0,0.9,-1,33,101,0
15/05/2019 10:46,0,25,0,0.9,-1,34,101,0
15/05/2019 10:46,0,25,0,0.9,-1,34,101,0
15/05/2019 10:47,0,25,0,0.9,-1,34,101,0
15/05/2019 10:47,0,25,0,0.9,-1,34,101,0
15/05/2019 10:47,0,25,0,0.9,-1,33,101,0
15/05/2019 10:47,0,25,0,0.9,-1,34,101,0
15/05/2019 10:47,0,25,0,0.9,-1,34,101,0
15/05/2019 10:47,0,25,0,0.9,-1,34,101,0
15/05/2019 10:48,0,25,0,0.9,-1,34,101,0
15/05/2019 10:48,0,25,0,0.9,-1,33,101,0
15/05/2019 10:48,0,25,0,0.9,-1,32,101,0
15/05/2019 10:48,0,25,0,0.9,-1,32,101,0
15/05/2019 10:48,0,25,0,0.9,-1,33,101,0
15/05/2019 10:49,0,25,-2,0.9,-1,34,101,0
15/05/2019 10:49,0,24,0,0.9,-1,34,101,0
15/05/2019 10:49,0,25,0,0.9,-1,34,101,0
15/05/2019 10:49,0,25,2,0.9,-1,34,101,0
15/05/2019 10:49,0,25,0,0.9,-1,33,101,0
15/05/2019 10:49,0,25,0,0.9,-1,33,101,0
15/05/2019 10:50,0,25,0,0.9,-1,33,101,0
15/05/2019 10:50,0,25,0,0.9,-1,33,101,0
15/05/2019 10:50,0,25,0,0.9,-1,31,101,0
15/05/2019 10:50,0,25,0,0.9,-1,32,101,0
15/05/2019 10:50,0,25,0,0.9,-1,31,101,0
15/05/2019 10:50,0,25,0,0.9,-1,31,101,0
15/05/2019 10:51,0,25,0,0.9,-1,32,101,0
15/05/2019 10:51,0,25,0,0.9,-1,33,101,0
15/05/2019 10:51,0,25,0,0.9,-1,33,101,0
15/05/2019 10:51,0,25,0,0.9,-1,34,101,0
15/05/2019 10:51,0,25,0,0.9,-1,34,101,0
15/05/2019 10:51,0,24,0,0.9,-1,34,101,0
15/05/2019 10:52,0,24,0,0.9,-1,34,101,0
15/05/2019 10:52,0,24,0,0.9,-1,35,101,0
15/05/2019 10:52,0,24,0,0.9,-1,34,101,0
15/05/2019 10:52,0,24,0,0.9,-1,32,101,0
15/05/2019 10:52,0,24,0,0.9,-1,31,101,0
15/05/2019 10:52,0,24,0,0.9,-1,30,101,0
15/05/2019 10:53,0,25,0,0.9,-1,29,101,0
15/05/2019 10:53,0,25,0,0.9,-1,30,101,0
15/05/2019 10:53,0,25,0,0.9,-1,31,101,0
15/05/2019 10:53,0,25,0,0.9,-1,32,101,0
15/05/2019 10:53,0,25,0,0.9,-1,32,101,0
15/05/2019 10:53,0,25,0,0.9,-1,32,101,0
15/05/2019 10:54,0,25,0,0.9,-1,32,101,0
15/05/2019 10:54,0,25,0,0.9,-1,31,101,0
15/05/2019 10:54,0,25,0,0.9,-1,32,101,0
15/05/2019 10:54,0,25,0,0.9,-1,32,100,0
15/05/2019 10:54,0,25,0,0.9,-1,30,101,0
15/05/2019 10:54,0,25,0,0.9,-1,30,101,0
15/05/2019 10:55,0,25,-3,0.9,-1,30,101,0
15/05/2019 10:55,0,25,-6,0.9,-1,30,101,0
15/05/2019 10:55,0,25,-8,0.9,-1,32,101,0
15/05/2019 10:55,0,25,-10,0.9,-1,33,101,0
15/05/2019 10:55,0,25,-12,0.9,-1,33,101,0
15/05/2019 10:55,0,25,-13,0.9,-1,31,101,0
15/05/2019 10:56,0,25,-12,0.9,-1,29,101,0
15/05/2019 10:56,0,25,-12,0.9,-1,29,101,0
15/05/2019 10:56,0,25,-14,0.9,-1,30,101,0
15/05/2019 10:56,0,25,-17,0.9,-1,31,101,0
15/05/2019 10:56,0,25,-15,0.9,-1,31,99,0
15/05/2019 10:56,0,25,-17,0.9,-1,32,101,0
15/05/2019 10:57,0,25,-16,0.9,-1,33,100,0
15/05/2019 10:57,0,25,-14,0.9,-1,33,101,0
15/05/2019 10:57,0,26,-12,0.9,-1,34,101,0
15/05/2019 10:57,0,26,-12,0.9,-1,34,101,0
15/05/2019 10:57,0,25,-12,0.9,-1,34,101,0
15/05/2019 10:57,0,25,-12,0.9,-1,32,100,0
15/05/2019 10:58,0,26,-11,0.9,-1,30,101,0
15/05/2019 10:58,0,26,-10,0.9,-1,30,101,0
15/05/2019 10:58,0,26,-8,0.9,-1,30,101,0
15/05/2019 10:58,0,26,-6,0.9,-1,30,101,0
15/05/2019 10:58,0,26,-4,0.9,-1,30,101,0
15/05/2019 10:59,0,26,0,0.9,-1,31,101,0
15/05/2019 10:59,0,26,0,0.9,-1,31,101,0
15/05/2019 10:59,0,26,0,0.9,-1,31,101,0
15/05/2019 10:59,0,26,0,0.9,-1,31,101,0
15/05/2019 10:59,0,26,0,0.9,-1,30,99,0
15/05/2019 10:59,0,27,0,0.9,-1,29,99,0
15/05/2019 11:00,0,26,0,0.9,-1,30,101,0
15/05/2019 11:00,0,27,0,0.9,-1,29,101,0
15/05/2019 11:00,0,27,0,0.9,-1,29,101,0
15/05/2019 11:00,0,27,1,0.9,-1,29,101,0
15/05/2019 11:00,0,27,0,0.9,-1,29,101,0
15/05/2019 11:00,0,27,0,0.9,-1,29,101,0
15/05/2019 11:01,0,27,0,0.9,-1,29,101,0
15/05/2019 11:01,0,27,0,0.9,-1,28,101,0
15/05/2019 11:01,0,27,0,0.9,-1,28,101,0
15/05/2019 11:01,0,27,1,0.9,-1,29,101,0
15/05/2019 11:01,0,27,0,0.9,-1,30,101,0
15/05/2019 11:01,0,27,0,0.9,-1,30,100,0
15/05/2019 11:02,0,27,0,0.9,-1,30,101,0
15/05/2019 11:02,0,27,0,0.9,-1,30,101,0
15/05/2019 11:02,0,27,0,0.9,-1,30,101,0
15/05/2019 11:02,0,27,0,0.9,-1,30,101,0
15/05/2019 11:02,0,27,0,0.9,-1,31,101,0
15/05/2019 11:02,0,27,1,0.9,-1,31,101,0
15/05/2019 11:03,0,28,0,0.9,-1,32,100,0
15/05/2019 11:03,0,28,0,0.9,-1,31,101,0
15/05/2019 11:03,0,28,1,0.9,-1,30,101,0
15/05/2019 11:03,0,28,0,0.9,-1,29,101,0
15/05/2019 11:03,0,28,1,0.9,-1,29,101,0
15/05/2019 11:03,0,28,1,0.9,-1,29,101,0
15/05/2019 11:04,0,28,0,0.9,-1,29,101,0
15/05/2019 11:04,0,28,0,0.9,-1,28,101,0
15/05/2019 11:04,0,28,0,0.9,-1,28,101,0
15/05/2019 11:04,0,28,1,0.9,-1,28,101,0
15/05/2019 11:04,0,28,1,0.9,-1,28,101,0
15/05/2019 11:04,0,28,1,0.9,-1,28,101,0
15/05/2019 11:05,0,28,1,0.9,-1,28,101,0
15/05/2019 11:05,0,28,1,0.9,-1,27,101,0
15/05/2019 11:05,0,28,0,0.9,-1,26,101,0
15/05/2019 11:05,0,28,1,0.9,-1,26,101,0
15/05/2019 11:05,0,28,1,0.9,-1,26,101,0
15/05/2019 11:05,0,29,0,0.9,-1,27,101,0
15/05/2019 11:06,0,28,0,0.9,-1,27,101,0
15/05/2019 11:06,0,28,2,0.9,-1,27,100,0
15/05/2019 11:06,0,29,1,0.9,-1,27,99,0
15/05/2019 11:06,0,29,1,0.9,-1,27,99,0
15/05/2019 11:06,0,29,2,0.9,-1,27,99,0
15/05/2019 11:06,0,29,3,0.9,-1,27,99,0
15/05/2019 11:07,0,29,2,0.9,-1,27,101,0
15/05/2019 11:07,0,29,1,0.9,-1,27,101,0
15/05/2019 11:07,0,29,1,0.9,-1,26,101,0
15/05/2019 11:07,0,29,0,0.9,-1,26,101,0
15/05/2019 11:07,0,29,1,0.9,-1,26,101,0
15/05/2019 11:07,0,29,0,0.9,-1,26,101,0
15/05/2019 11:08,0,29,0,0.9,-1,26,101,0
15/05/2019 11:08,0,29,1,0.9,-1,27,101,0
15/05/2019 11:08,0,29,0,0.9,-1,27,97,0
15/05/2019 11:08,0,29,0,0.9,-1,27,101,0
15/05/2019 11:08,0,29,1,0.9,-1,27,99,0
15/05/2019 11:09,0,29,1,0.9,-1,27,97,0
15/05/2019 11:09,0,29,0,0.9,-1,28,101,0
15/05/2019 11:09,0,29,0,0.9,-1,28,101,0
15/05/2019 11:09,0,29,0,0.9,-1,28,97,0
15/05/2019 11:09,0,29,1,0.9,-1,28,96,0
15/05/2019 11:09,0,29,0,0.9,-1,29,101,0
15/05/2019 11:10,0,29,0,0.9,-1,28,99,0
15/05/2019 11:10,0,29,0,0.9,-1,28,99,0
15/05/2019 11:10,0,29,1,0.9,-1,28,101,0
15/05/2019 11:10,0,29,0,0.9,-1,28,101,0
15/05/2019 11:10,0,29,0,0.9,-1,26,101,0
15/05/2019 11:10,0,29,0,0.9,-1,27,99,0
15/05/2019 11:11,0,29,0,0.9,-1,27,97,0
15/05/2019 11:11,0,29,0,0.9,-1,26,101,0
15/05/2019 11:11,0,29,0,0.9,-1,26,100,0
15/05/2019 11:11,0,29,1,0.9,-1,26,100,0
15/05/2019 11:11,0,29,1,0.9,-1,25,101,0
15/05/2019 11:11,0,29,0,0.9,-1,25,101,0
15/05/2019 11:12,0,29,1,0.9,-1,26,100,0
15/05/2019 11:12,0,29,0,0.9,-1,26,100,0
15/05/2019 11:12,0,29,-2,0.9,-1,26,99,0
15/05/2019 11:12,0,29,-2,0.9,-1,27,100,0
15/05/2019 11:12,0,29,0,0.9,-1,27,100,0
15/05/2019 11:12,0,29,0,0.9,-1,27,100,0
15/05/2019 11:13,0,29,0,0.9,-1,26,99,0
15/05/2019 11:13,0,29,0,0.9,-1,27,99,0
15/05/2019 11:13,0,29,0,0.9,-1,27,98,0
15/05/2019 11:13,0,29,0,0.9,-1,27,99,0
15/05/2019 11:13,0,29,0,0.9,-1,26,99,0
15/05/2019 11:13,0,29,0,0.9,-1,25,98,0
15/05/2019 11:14,0,29,0,0.9,-1,24,97,0
15/05/2019 11:14,0,29,0,0.9,-1,24,98,0
15/05/2019 11:14,0,29,0,0.9,-1,23,97,0
15/05/2019 11:14,0,28,-2,0.9,-1,23,98,0
15/05/2019 11:14,0,29,0,0.9,-1,23,100,0
15/05/2019 11:14,0,29,1,0.9,-1,24,100,0
15/05/2019 11:15,0,29,1,0.9,-1,23,100,0
15/05/2019 11:15,0,29,0,0.9,-1,23,100,0
15/05/2019 11:15,0,29,0,0.9,-1,24,99,0
15/05/2019 11:15,0,29,0,0.9,-1,25,99,0
15/05/2019 11:15,0,29,0,0.9,-1,25,99,0
15/05/2019 11:15,0,29,0,0.9,-1,26,99,0
15/05/2019 11:16,0,29,0,0.9,-1,26,100,0
15/05/2019 11:16,0,29,-3,0.9,-1,27,101,0
15/05/2019 11:16,0,29,-4,0.9,-1,27,99,0
15/05/2019 11:16,0,29,-3,0.9,-1,28,100,0
15/05/2019 11:16,0,29,0,0.9,-1,26,100,0
15/05/2019 11:16,0,29,-2,0.9,-1,26,101,0
15/05/2019 11:17,0,29,0,0.9,-1,26,101,0
15/05/2019 11:17,0,29,0,0.9,-1,27,101,0
15/05/2019 11:17,0,29,0,0.9,-1,27,101,0
15/05/2019 11:17,0,29,-2,0.9,-1,27,101,0
15/05/2019 11:17,0,29,-2,0.9,-1,26,101,0
15/05/2019 11:17,0,29,-3,0.9,-1,25,101,0
15/05/2019 11:18,0,29,-3,0.9,-1,24,100,0
15/05/2019 11:18,0,29,-2,0.9,-1,23,101,0
15/05/2019 11:18,0,29,0,0.9,-1,23,101,0
15/05/2019 11:18,0,28,-3,0.9,-1,24,100,0
15/05/2019 11:18,0,28,-3,0.9,-1,24,101,0
15/05/2019 11:18,0,28,-2,0.9,-1,24,101,0
15/05/2019 11:19,0,28,-3,0.9,-1,25,101,0
15/05/2019 11:19,0,28,-2,0.9,-1,26,101,0
15/05/2019 11:19,0,28,-2,0.9,-1,26,101,0
15/05/2019 11:19,0,28,-3,0.9,-1,27,101,0
15/05/2019 11:19,0,28,-2,0.9,-1,27,101,0
15/05/2019 11:20,0,28,2,0.9,-1,27,101,0
15/05/2019 11:20,0,28,2,0.9,-1,27,101,0
15/05/2019 11:20,0,27,1,0.9,-1,26,102,0
15/05/2019 11:20,0,27,-2,0.9,-1,26,100,0
15/05/2019 11:20,0,27,-3,0.9,-1,25,101,0
15/05/2019 11:20,0,27,-4,0.9,-1,25,101,0
15/05/2019 11:21,0,27,-4,0.9,-1,26,101,0
15/05/2019 11:21,0,27,-4,0.9,-1,27,101,0
15/05/2019 11:21,0,27,-5,0.9,-1,27,101,0
15/05/2019 11:21,0,27,-5,0.9,-1,27,101,0
15/05/2019 11:21,0,27,-6,0.9,-1,27,101,0
15/05/2019 11:21,0,27,-6,0.9,-1,26,101,0
15/05/2019 11:22,0,27,-4,0.9,-1,26,101,0
15/05/2019 11:22,0,26,-5,0.9,-1,26,101,0
15/05/2019 11:22,0,26,-5,0.9,-1,26,101,0
15/05/2019 11:22,0,27,-6,0.9,-1,26,101,0
15/05/2019 11:22,0,27,-6,0.9,-1,27,101,0
15/05/2019 11:22,0,27,-6,0.9,-1,27,101,0
15/05/2019 11:23,0,27,-5,0.9,-1,26,101,0
15/05/2019 11:23,0,27,-6,0.9,-1,26,101,0
15/05/2019 11:23,0,27,-6,0.9,-1,26,101,0
15/05/2019 11:23,0,26,-7,0.9,-1,26,101,0
15/05/2019 11:23,0,26,-7,0.9,-1,26,101,0
15/05/2019 11:23,0,26,-5,0.9,-1,26,101,0
15/05/2019 11:24,0,26,-6,0.9,-1,26,101,0
15/05/2019 11:24,0,27,-5,0.9,-1,26,101,0
15/05/2019 11:24,0,27,-4,0.9,-1,26,101,0
15/05/2019 11:24,0,26,-4,0.9,-1,26,101,0
15/05/2019 11:24,0,26,-4,0.9,-1,27,101,0
15/05/2019 11:24,0,26,-3,0.9,-1,27,101,0
15/05/2019 11:25,0,26,-3,0.9,-1,27,101,0
15/05/2019 11:25,0,26,-3,0.9,-1,27,101,0
15/05/2019 11:25,0,26,-2,0.9,-1,27,101,0
15/05/2019 11:25,0,26,-5,0.9,-1,27,101,0
15/05/2019 11:25,0,26,-2,0.9,-1,26,101,0
15/05/2019 11:25,0,26,-2,0.9,-1,27,101,0
15/05/2019 11:26,0,26,-2,0.9,-1,28,101,0
15/05/2019 11:26,0,26,-2,0.9,-1,28,101,0
15/05/2019 11:26,0,25,-3,0.9,-1,28,101,0
15/05/2019 11:26,0,25,-3,0.9,-1,27,101,0
15/05/2019 11:26,0,25,-3,0.9,-1,27,101,0
15/05/2019 11:26,0,25,-4,0.9,-1,28,101,0
15/05/2019 11:27,0,25,-2,0.9,-1,28,101,0
15/05/2019 11:27,0,25,-2,0.9,-1,27,101,0
15/05/2019 11:27,0,25,0,0.9,-1,27,101,0
15/05/2019 11:27,0,26,-2,0.9,-1,28,101,0
15/05/2019 11:27,0,26,-2,0.9,-1,28,101,0
15/05/2019 11:27,0,25,-3,0.9,-1,28,101,0
15/05/2019 11:28,0,25,-2,0.9,-1,27,100,0
15/05/2019 11:28,0,25,0,0.9,-1,26,101,0
15/05/2019 11:28,0,25,-2,0.9,-1,26,101,0
15/05/2019 11:28,0,25,0,0.9,-1,27,101,0
15/05/2019 11:28,0,25,-2,0.9,-1,27,100,0
15/05/2019 11:28,0,25,-3,0.9,-1,27,100,0
15/05/2019 11:29,0,25,-3,0.9,-1,27,101,0
15/05/2019 11:29,0,25,-3,0.9,-1,27,101,0
15/05/2019 11:29,0,25,-3,0.9,-1,27,101,0
15/05/2019 11:29,0,25,-3,0.9,-1,27,101,0
15/05/2019 11:29,0,25,-3,0.9,-1,27,101,0
15/05/2019 11:30,0,26,0,0.9,-1,27,101,0
15/05/2019 11:30,0,26,-2,0.9,-1,27,101,0
15/05/2019 11:30,0,26,-2,0.9,-1,27,101,0
15/05/2019 11:30,0,26,-3,0.9,-1,27,101,0
15/05/2019 11:30,0,26,-2,0.9,-1,27,100,0
15/05/2019 11:30,0,26,-3,0.9,-1,26,100,0
15/05/2019 11:31,0,26,-3,0.9,-1,26,101,0
15/05/2019 11:31,0,26,-2,0.9,-1,26,101,0
15/05/2019 11:31,0,26,-4,0.9,-1,27,101,0
15/05/2019 11:31,0,26,-3,0.9,-1,27,101,0
15/05/2019 11:31,0,26,-3,0.9,-1,28,100,0
15/05/2019 11:31,0,26,-4,0.9,-1,27,101,0
15/05/2019 11:32,0,26,-4,0.9,-1,27,101,0
15/05/2019 11:32,0,26,-4,0.9,-1,27,101,0
15/05/2019 11:32,0,27,-2,0.9,-1,26,101,0
15/05/2019 11:32,0,27,-3,0.9,-1,26,101,0
15/05/2019 11:32,0,27,-2,0.9,-1,25,101,0
15/05/2019 11:32,0,27,-2,0.9,-1,26,101,0
15/05/2019 11:33,0,27,-2,0.9,-1,26,101,0
15/05/2019 11:33,0,27,-3,0.9,-1,26,101,0
15/05/2019 11:33,0,27,-3,0.9,-1,27,101,0
15/05/2019 11:33,0,27,-2,0.9,-1,26,101,0
15/05/2019 11:33,0,27,-3,0.9,-1,27,101,0
15/05/2019 11:33,0,27,-2,0.9,-1,27,101,0
15/05/2019 11:34,0,28,-2,0.9,-1,26,101,0
15/05/2019 11:34,0,28,-2,0.9,-1,26,101,0
15/05/2019 11:34,0,28,-3,0.9,-1,25,100,0
15/05/2019 11:34,0,28,-4,0.9,-1,24,101,0
15/05/2019 11:34,0,28,-2,0.9,-1,24,101,0
15/05/2019 11:34,0,28,-3,0.9,-1,24,101,0
15/05/2019 11:35,0,28,-2,0.9,-1,24,101,0
15/05/2019 11:35,0,28,-3,0.9,-1,25,101,0
15/05/2019 11:35,0,27,-2,0.9,-1,25,101,0
15/05/2019 11:35,0,27,-2,0.9,-1,25,101,0
15/05/2019 11:35,0,28,-3,0.9,-1,25,101,0
15/05/2019 11:35,0,28,-4,0.9,-1,25,101,0
15/05/2019 11:36,0,28,-2,0.9,-1,25,101,0
15/05/2019 11:36,0,28,-2,0.9,-1,24,101,0
15/05/2019 11:36,0,28,0,0.9,-1,23,101,0
15/05/2019 11:36,0,28,-2,0.9,-1,23,101,0
15/05/2019 11:36,0,28,0,0.9,-1,23,101,0
15/05/2019 11:36,0,28,-2,0.9,-1,23,101,0
15/05/2019 11:37,0,28,-2,0.9,-1,24,101,0
15/05/2019 11:37,0,28,-2,0.9,-1,24,101,0
15/05/2019 11:37,0,28,-2,0.9,-1,23,101,0
15/05/2019 11:37,0,28,-2,0.9,-1,23,101,0
15/05/2019 11:37,0,28,-2,0.9,-1,23,101,0
15/05/2019 11:37,0,28,-2,0.9,-1,24,101,0
15/05/2019 11:38,0,28,-2,0.9,-1,25,99,0
15/05/2019 11:38,0,28,0,0.9,-1,24,100,0
15/05/2019 11:38,0,28,0,0.9,-1,24,100,0
15/05/2019 11:38,0,28,0,0.9,-1,24,100,0
15/05/2019 11:38,0,28,0,0.9,-1,25,100,0
15/05/2019 11:38,0,28,0,0.9,-1,25,100,0
15/05/2019 11:39,0,28,0,0.9,-1,25,100,0
15/05/2019 11:39,0,28,0,0.9,-1,26,100,0
15/05/2019 11:39,0,28,2,0.9,-1,26,100,0
15/05/2019 11:39,0,29,1,0.9,-1,26,100,0
15/05/2019 11:39,0,29,0,0.9,-1,26,101,0
15/05/2019 11:40,0,28,1,0.9,-1,26,101,0
15/05/2019 11:40,0,28,0,0.9,-1,23,101,0
15/05/2019 11:40,0,28,0,0.9,-1,23,101,0
15/05/2019 11:40,0,28,2,0.9,-1,23,101,0
15/05/2019 11:40,0,28,3,0.9,-1,22,101,0
15/05/2019 11:40,0,28,3,0.9,-1,22,101,0
15/05/2019 11:41,0,28,1,0.9,-1,21,99,0
15/05/2019 11:41,0,27,0,0.9,-1,21,100,0
15/05/2019 11:41,0,26,0,0.9,-1,21,100,0
15/05/2019 11:41,0,26,1,0.9,-1,22,100,0
15/05/2019 11:41,0,25,0,0.9,-1,23,100,0
15/05/2019 11:41,0,26,0,0.9,-1,24,101,0
15/05/2019 11:42,0,26,0,0.9,-1,25,101,0
15/05/2019 11:42,2,26,0,0.9,-1,25,101,0
15/05/2019 11:42,4,26,0,0.9,-1,26,101,0
15/05/2019 11:42,0,26,0,0.9,-1,27,101,0
15/05/2019 11:42,0,26,0,0.9,-1,26,101,0
15/05/2019 11:42,0,26,0,0.9,-1,24,101,0
15/05/2019 11:43,0,27,0,0.9,-1,24,101,0
15/05/2019 11:43,0,27,0,0.9,-1,24,101,0
15/05/2019 11:43,0,27,0,0.9,-1,24,101,0
15/05/2019 11:43,0,27,0,0.9,-1,24,101,0
15/05/2019 11:43,0,27,0,0.9,-1,24,101,0
15/05/2019 11:43,0,27,0,0.9,-1,24,101,0
15/05/2019 11:44,0,27,1,0.9,-1,25,101,0
15/05/2019 11:44,0,27,0,0.9,-1,25,101,0
15/05/2019 11:44,0,27,0,0.9,-1,25,101,0
15/05/2019 11:44,0,27,-2,0.9,-1,26,101,0
15/05/2019 11:44,0,28,0,0.9,-1,26,101,0
15/05/2019 11:44,0,28,0,0.9,-1,26,101,0
15/05/2019 11:45,0,27,0,0.9,-1,26,100,0
15/05/2019 11:45,0,27,0,0.9,-1,25,101,0
15/05/2019 11:45,0,27,1,0.9,-1,25,101,0
15/05/2019 11:45,0,27,1,0.9,-1,26,101,0
15/05/2019 11:45,0,28,1,0.9,-1,25,101,0
15/05/2019 11:45,0,28,0,0.9,-1,24,100,0
15/05/2019 11:46,0,28,0,0.9,-1,24,101,0
15/05/2019 11:46,0,28,0,0.9,-1,24,101,0
15/05/2019 11:46,0,28,0,0.9,-1,23,101,0
15/05/2019 11:46,0,28,0,0.9,-1,23,101,0
15/05/2019 11:46,0,28,0,0.9,-1,23,101,0
15/05/2019 11:46,0,28,0,0.9,-1,23,101,0
15/05/2019 11:47,0,28,0,0.9,-1,23,101,0
15/05/2019 11:47,0,28,1,0.9,-1,23,100,0
15/05/2019 11:47,0,28,1,0.9,-1,24,100,0
15/05/2019 11:47,0,28,0,0.9,-1,24,100,0
15/05/2019 11:47,0,28,-2,0.9,-1,25,101,0
15/05/2019 11:47,0,28,1,0.9,-1,26,101,0
15/05/2019 11:48,0,28,1,0.9,-1,25,101,0
15/05/2019 11:48,0,28,0,0.9,-1,24,101,0
15/05/2019 11:48,0,28,0,0.9,-1,24,101,0
15/05/2019 11:48,0,28,0,0.9,-1,25,101,0
15/05/2019 11:48,0,28,0,0.9,-1,24,101,0
15/05/2019 11:48,0,28,0,0.9,-1,23,101,0
15/05/2019 11:49,0,28,0,0.9,-1,22,102,0
15/05/2019 11:49,0,28,0,0.9,-1,22,101,0
15/05/2019 11:49,0,28,0,0.9,-1,23,42,0
15/05/2019 11:49,0,28,0,0.9,-1,23,24,0
15/05/2019 11:49,0,28,0,0.9,-1,23,24,0
15/05/2019 11:49,0,28,1,0.9,-1,24,101,0
15/05/2019 11:50,0,28,0,0.9,-1,24,101,0
15/05/2019 11:50,0,28,0,0.9,-1,24,101,0
15/05/2019 11:50,0,28,1,0.9,-1,24,101,0
15/05/2019 11:50,0,28,1,0.9,-1,23,101,0
15/05/2019 11:50,0,28,1,0.9,-1,23,101,0
15/05/2019 11:51,0,28,0,0.9,-1,23,101,0
15/05/2019 11:51,0,28,1,0.9,-1,23,101,0
15/05/2019 11:51,0,28,0,0.9,-1,23,101,0
15/05/2019 11:51,0,28,0,0.9,-1,22,101,0
15/05/2019 11:51,0,28,1,0.9,-1,22,101,0
15/05/2019 11:51,0,28,1,0.9,-1,23,101,0
15/05/2019 11:52,0,28,2,0.9,-1,23,100,0
15/05/2019 11:52,0,28,1,0.9,-1,24,101,0
15/05/2019 11:52,0,28,2,0.9,-1,24,101,0
15/05/2019 11:52,0,28,0,0.9,-1,25,101,0
15/05/2019 11:52,0,28,1,0.9,-1,25,101,0
15/05/2019 11:52,0,28,1,0.9,-1,24,101,0
15/05/2019 11:53,0,28,1,0.9,-1,24,101,0
15/05/2019 11:53,0,28,0,0.9,-1,23,101,0
15/05/2019 11:53,0,28,0,0.9,-1,22,101,0
15/05/2019 11:53,0,28,0,0.9,-1,23,101,0
15/05/2019 11:53,0,27,0,0.9,-1,24,5,0
15/05/2019 11:53,0,27,0,0.9,-1,24,17,0
15/05/2019 11:54,0,27,0,0.9,-1,23,29,0
15/05/2019 11:54,0,27,0,0.9,-1,23,100,0
15/05/2019 11:54,0,27,0,0.9,-1,24,101,0
15/05/2019 11:54,0,27,1,0.9,-1,25,101,0
15/05/2019 11:54,0,27,1,0.9,-1,24,101,0
15/05/2019 11:54,0,27,2,0.9,-1,23,101,0
15/05/2019 11:55,0,27,0,0.9,-1,23,101,0
15/05/2019 11:55,0,27,1,0.9,-1,24,101,0
15/05/2019 11:55,0,27,0,0.9,-1,25,101,0
15/05/2019 11:55,0,27,1,0.9,-1,25,101,0
15/05/2019 11:55,0,27,0,0.9,-1,24,101,0
15/05/2019 11:55,0,27,0,0.9,-1,24,101,0
15/05/2019 11:56,0,27,0,0.9,-1,24,101,0
15/05/2019 11:56,0,27,0,0.9,-1,25,101,0
15/05/2019 11:56,0,27,0,0.9,-1,26,101,0
15/05/2019 11:56,0,27,1,0.9,-1,26,101,0
15/05/2019 11:56,0,27,0,0.9,-1,26,101,0
15/05/2019 11:56,0,27,0,0.9,-1,26,101,0
15/05/2019 11:57,0,27,0,0.9,-1,25,101,0
15/05/2019 11:57,0,27,1,0.9,-1,25,101,0
15/05/2019 11:57,0,27,1,0.9,-1,25,101,0
15/05/2019 11:57,0,27,1,0.9,-1,25,101,0
15/05/2019 11:57,0,27,0,0.9,-1,25,101,0
15/05/2019 11:57,0,27,0,0.9,-1,23,101,0
15/05/2019 11:58,0,27,0,0.9,-1,23,101,0
15/05/2019 11:58,0,27,0,0.9,-1,23,101,0
15/05/2019 11:58,0,27,1,0.9,-1,23,101,0
15/05/2019 11:58,0,27,1,0.9,-1,23,101,0
15/05/2019 11:58,0,27,0,0.9,-1,23,101,0
15/05/2019 11:58,0,27,1,0.9,-1,23,101,0
15/05/2019 11:59,0,27,0,0.9,-1,23,101,0
15/05/2019 11:59,0,27,0,0.9,-1,22,101,0
15/05/2019 11:59,0,27,0,0.9,-1,22,101,0
15/05/2019 11:59,0,27,0,0.9,-1,22,101,0
15/05/2019 11:59,0,27,0,0.9,-1,23,101,0
15/05/2019 11:59,0,27,0,0.9,-1,24,101,0
15/05/2019 12:00,0,27,0,0.9,-1,23,101,0
15/05/2019 12:00,0,27,0,0.9,-1,22,101,0
15/05/2019 12:00,0,27,0,0.9,-1,23,100,0
15/05/2019 12:00,0,27,0,0.9,-1,23,101,0
15/05/2019 12:00,0,27,0,0.9,-1,23,101,0
15/05/2019 12:01,0,27,1,0.9,-1,23,101,0
15/05/2019 12:01,0,27,0,0.9,-1,24,101,0
15/05/2019 12:01,0,27,0,0.9,-1,23,101,0
15/05/2019 12:01,0,27,0,0.9,-1,22,101,0
15/05/2019 12:01,0,27,0,0.9,-1,23,101,0
15/05/2019 12:01,0,27,0,0.9,-1,23,101,0
15/05/2019 12:02,0,27,0,0.9,-1,23,101,0
15/05/2019 12:02,0,27,1,0.9,-1,23,101,0
15/05/2019 12:02,0,27,1,0.9,-1,24,101,0
15/05/2019 12:02,0,26,0,0.9,-1,24,101,0
15/05/2019 12:02,0,26,1,0.9,-1,24,101,0
15/05/2019 12:02,0,26,0,0.9,-1,24,101,0
15/05/2019 12:03,0,26,0,0.9,-1,24,101,0
15/05/2019 12:03,0,26,1,0.9,-1,25,101,0
15/05/2019 12:03,0,26,1,0.9,-1,24,101,0
15/05/2019 12:03,0,26,1,0.9,-1,24,101,0
15/05/2019 12:03,0,26,0,0.9,-1,25,101,0
15/05/2019 12:03,0,26,1,0.9,-1,25,101,0
15/05/2019 12:04,0,26,0,0.9,-1,26,101,0
15/05/2019 12:04,0,26,1,0.9,-1,25,101,0
15/05/2019 12:04,0,26,1,0.9,-1,24,101,0
15/05/2019 12:04,0,26,1,0.9,-1,24,101,0
15/05/2019 12:04,1,26,0,0.9,-1,25,101,0
15/05/2019 12:04,0,26,-2,0.9,-1,25,101,0
15/05/2019 12:05,2,27,0,0.9,-1,24,101,0
15/05/2019 12:05,0,27,0,0.9,-1,24,101,0
15/05/2019 12:05,0,27,0,0.9,-1,23,100,0
15/05/2019 12:05,0,27,0,0.9,-1,23,101,0
15/05/2019 12:05,0,27,0,0.9,-1,23,101,0
15/05/2019 12:05,0,27,0,0.9,-1,23,101,0
15/05/2019 12:06,0,27,0,0.9,-1,23,101,0
15/05/2019 12:06,0,27,0,0.9,-1,24,101,0
15/05/2019 12:06,0,27,0,0.9,-1,24,100,0
15/05/2019 12:06,0,27,0,0.9,-1,24,100,0
15/05/2019 12:06,0,27,1,0.9,-1,24,100,0
15/05/2019 12:06,0,27,0,0.9,-1,23,101,0
15/05/2019 12:07,0,27,1,0.9,-1,23,101,0
15/05/2019 12:07,0,27,0,0.9,-1,23,101,0
15/05/2019 12:07,0,28,1,0.9,-1,22,101,0
15/05/2019 12:07,0,28,0,0.9,-1,22,101,0
15/05/2019 12:07,0,28,0,0.9,-1,22,101,0
15/05/2019 12:07,0,28,1,0.9,-1,22,101,0
15/05/2019 12:08,0,28,0,0.9,-1,23,101,0
15/05/2019 12:08,0,28,0,0.9,-1,23,101,0
15/05/2019 12:08,0,28,0,0.9,-1,24,101,0
15/05/2019 12:08,0,28,0,0.9,-1,22,101,0
15/05/2019 12:08,0,28,0,0.9,-1,22,101,0
15/05/2019 12:08,0,28,1,0.9,-1,22,101,0
15/05/2019 12:09,0,28,1,0.9,-1,23,101,0
15/05/2019 12:09,0,28,0,0.9,-1,23,101,0
15/05/2019 12:09,0,28,0,0.9,-1,22,101,0
15/05/2019 12:09,0,28,1,0.9,-1,22,100,0
15/05/2019 12:09,0,28,1,0.9,-1,23,101,0
15/05/2019 12:09,0,28,0,0.9,-1,23,101,0
15/05/2019 12:10,0,28,0,0.9,-1,22,101,0
15/05/2019 12:10,0,28,0,0.9,-1,21,101,0
15/05/2019 12:10,0,28,1,0.9,-1,21,101,0
15/05/2019 12:10,0,28,1,0.9,-1,22,101,0
15/05/2019 12:10,0,28,1,0.9,-1,21,101,0
15/05/2019 12:10,0,28,0,0.9,-1,21,101,0
15/05/2019 12:11,0,27,0,0.9,-1,21,101,0
15/05/2019 12:11,0,28,0,0.9,-1,22,101,0
15/05/2019 12:11,0,27,1,0.9,-1,22,101,0
15/05/2019 12:11,0,27,0,0.9,-1,22,101,0
15/05/2019 12:11,0,27,0,0.9,-1,22,101,0
15/05/2019 12:12,0,27,0,0.9,-1,22,100,0
15/05/2019 12:12,0,27,1,0.9,-1,23,101,0
15/05/2019 12:12,0,27,0,0.9,-1,23,100,0
15/05/2019 12:12,0,27,1,0.9,-1,23,100,0
15/05/2019 12:12,0,27,0,0.9,-1,22,101,0
15/05/2019 12:12,0,27,1,0.9,-1,22,101,0
15/05/2019 12:13,0,27,2,0.9,-1,23,100,0
15/05/2019 12:13,0,27,1,0.9,-1,24,100,0
15/05/2019 12:13,0,27,1,0.9,-1,24,101,0
15/05/2019 12:13,0,27,0,0.9,-1,24,101,0
15/05/2019 12:13,0,27,2,0.9,-1,24,101,0
15/05/2019 12:13,0,27,0,0.9,-1,25,101,0
15/05/2019 12:14,0,27,1,0.9,-1,25,101,0
15/05/2019 12:14,0,27,0,0.9,-1,24,102,0
15/05/2019 12:14,0,28,1,0.9,-1,23,101,0
15/05/2019 12:14,0,28,1,0.9,-1,23,101,0
15/05/2019 12:14,0,28,0,0.9,-1,22,101,0
15/05/2019 12:14,0,28,1,0.9,-1,23,101,0
15/05/2019 12:15,0,28,1,0.9,-1,23,98,0
15/05/2019 12:15,0,28,1,0.9,-1,22,99,0
15/05/2019 12:15,0,28,1,0.9,-1,23,100,0
15/05/2019 12:15,0,28,2,0.9,-1,23,99,0
15/05/2019 12:15,0,28,2,0.9,-1,24,100,0
15/05/2019 12:15,0,28,1,0.9,-1,25,100,0
15/05/2019 12:16,0,28,2,0.9,-1,25,100,0
15/05/2019 12:16,0,28,2,0.9,-1,24,100,0
15/05/2019 12:16,0,28,1,0.9,-1,24,100,0
15/05/2019 12:16,0,28,3,0.9,-1,24,100,0
15/05/2019 12:16,0,28,2,0.9,-1,24,100,0
15/05/2019 12:16,0,28,2,0.9,-1,24,101,0
15/05/2019 12:17,0,28,2,0.9,-1,23,101,0
15/05/2019 12:17,0,28,2,0.9,-1,23,101,0
15/05/2019 12:17,0,28,2,0.9,-1,24,101,0
15/05/2019 12:17,0,28,1,0.9,-1,23,101,0
15/05/2019 12:17,0,28,1,0.9,-1,23,101,0
15/05/2019 12:17,0,27,1,0.9,-1,24,2,0
15/05/2019 12:18,8,27,2,0.9,-1,24,98,0
15/05/2019 12:18,0,27,3,0.9,-1,25,2,0
15/05/2019 12:18,0,27,2,0.9,-1,25,0,0
15/05/2019 12:18,0,27,1,0.9,-1,25,0,0
15/05/2019 12:18,0,27,1,0.9,-1,25,0,0
15/05/2019 12:18,0,28,1,0.9,-1,26,100,0
15/05/2019 12:19,0,28,1,0.9,-1,26,101,0
15/05/2019 12:19,0,28,1,0.9,-1,26,101,0
15/05/2019 12:19,0,28,1,0.9,-1,26,101,0
15/05/2019 12:19,0,28,2,0.9,-1,25,88,0
15/05/2019 12:19,0,28,1,0.9,-1,25,101,0
15/05/2019 12:19,0,28,1,0.9,-1,25,1,0
15/05/2019 12:20,0,28,1,0.9,-1,25,2,0
15/05/2019 12:20,0,27,1,0.9,-1,26,1,0
15/05/2019 12:20,0,28,2,0.9,-1,26,101,0
15/05/2019 12:20,0,28,2,0.9,-1,26,101,0
15/05/2019 12:20,0,28,1,0.9,-1,25,101,0
15/05/2019 12:20,0,28,3,0.9,-1,24,101,0
15/05/2019 12:21,0,29,0,0.9,-1,24,100,0
15/05/2019 12:21,22,29,2,0.9,-1,24,101,0
15/05/2019 12:21,40,29,1,0.9,-1,24,101,0
15/05/2019 12:21,21,29,1,0.9,-1,25,100,0
15/05/2019 12:21,10,29,1,0.9,-1,24,100,0
15/05/2019 12:22,1,29,2,0.9,-1,24,100,0
15/05/2019 12:22,0,29,1,0.9,-1,24,100,0
15/05/2019 12:22,4,29,2,0.9,-1,24,101,0
15/05/2019 12:22,2,29,1,0.9,-1,24,101,0
15/05/2019 12:22,2,29,2,0.9,-1,24,100,0
15/05/2019 12:22,16,29,3,0.9,-1,25,100,0
15/05/2019 12:23,0,29,2,0.9,-1,25,100,0
15/05/2019 12:23,2,29,3,0.9,-1,25,100,0
15/05/2019 12:23,3,30,4,0.9,-1,25,100,0
15/05/2019 12:23,0,30,3,0.9,-1,25,100,0
15/05/2019 12:23,0,30,4,0.9,-1,25,100,0
15/05/2019 12:23,0,30,3,0.9,-1,24,100,0
15/05/2019 12:24,0,30,3,0.9,-1,24,100,0
15/05/2019 12:24,0,30,4,0.9,-1,24,100,0
15/05/2019 12:24,0,30,3,0.9,-1,24,100,0
15/05/2019 12:24,0,30,5,0.9,-1,23,100,0
15/05/2019 12:24,0,30,4,0.9,-1,23,100,0
15/05/2019 12:24,0,30,5,0.9,-1,23,100,0
15/05/2019 12:25,0,30,6,0.9,-1,22,100,0
15/05/2019 12:25,0,30,6,0.9,-1,23,100,0
15/05/2019 12:25,0,30,7,0.9,-1,23,100,0
15/05/2019 12:25,0,30,7,0.9,-1,23,100,0
15/05/2019 12:25,0,30,8,0.9,-1,23,100,0
15/05/2019 12:25,0,30,9,0.89,-1,24,100,0
15/05/2019 12:26,0,30,8,0.89,-1,23,100,0
15/05/2019 12:26,0,30,8,0.89,-1,23,100,0
15/05/2019 12:26,0,30,9,0.89,-1,23,100,0
15/05/2019 12:26,0,29,10,0.89,-1,23,100,0
15/05/2019 12:26,0,29,10,0.89,-1,23,100,0
15/05/2019 12:26,0,29,11,0.89,-1,24,100,0
15/05/2019 12:27,0,29,12,0.89,-1,24,100,0
15/05/2019 12:27,0,29,13,0.89,-1,24,100,0
15/05/2019 12:27,0,29,14,0.89,-1,24,100,0
15/05/2019 12:27,0,29,13,0.89,-1,24,100,0
15/05/2019 12:27,0,29,14,0.89,-1,24,99,0
15/05/2019 12:27,0,29,15,0.89,-1,24,98,0
15/05/2019 12:28,0,29,20,0.89,-1,24,99,0
15/05/2019 12:28,0,29,27,0.89,-1,24,99,0
15/05/2019 12:28,0,29,37,0.89,-1,24,99,0
15/05/2019 12:28,0,29,43,0.89,-1,25,98,0
15/05/2019 12:28,0,29,52,0.89,-1,25,99,0
15/05/2019 12:28,0,29,62,0.89,-1,25,99,0
15/05/2019 12:29,0,28,71,0.89,-1,25,99,0
15/05/2019 12:29,0,28,77,0.89,-1,25,100,0
15/05/2019 12:29,0,28,80,0.89,-1,25,99,0
15/05/2019 12:29,0,28,87,0.89,-1,25,99,0
15/05/2019 12:29,0,28,86,0.89,-1,25,99,0
15/05/2019 12:29,0,28,91,0.89,-1,25,99,0
15/05/2019 12:30,0,28,91,0.89,-1,26,100,0
15/05/2019 12:30,0,28,95,0.89,-1,26,99,0
15/05/2019 12:30,0,28,94,0.89,-1,26,100,0
15/05/2019 12:30,0,28,94,0.89,-1,27,99,0
15/05/2019 12:30,0,28,93,0.89,-1,27,99,0
15/05/2019 12:30,0,28,94,0.89,-1,28,99,0
15/05/2019 12:31,0,28,93,0.89,-1,28,100,0
15/05/2019 12:31,0,28,93,0.89,-1,28,100,0
15/05/2019 12:31,0,28,95,0.89,-1,27,99,0
15/05/2019 12:31,0,28,95,0.89,-1,27,99,0
15/05/2019 12:31,0,28,97,0.89,-1,27,100,0
15/05/2019 12:32,0,28,97,0.89,-1,27,99,0
15/05/2019 12:32,0,28,100,0.89,-1,27,99,0
15/05/2019 12:32,0,28,103,0.88,-1,27,99,0
15/05/2019 12:32,0,28,106,0.88,-1,27,99,0
15/05/2019 12:32,0,28,107,0.88,-1,27,100,0
15/05/2019 12:32,0,28,107,0.88,-1,26,101,0
15/05/2019 12:33,0,28,105,0.88,-1,27,101,0
15/05/2019 12:33,0,28,107,0.88,-1,27,101,0
15/05/2019 12:33,0,28,108,0.88,-1,27,101,0
15/05/2019 12:33,0,28,108,0.88,-1,29,101,0
15/05/2019 12:33,0,28,108,0.88,-1,28,101,0
15/05/2019 12:33,0,28,107,0.88,-1,29,101,0
15/05/2019 12:34,0,28,108,0.88,-1,30,101,0
15/05/2019 12:34,0,28,109,0.88,-1,30,101,0
15/05/2019 12:34,0,28,107,0.88,-1,29,101,0
15/05/2019 12:34,0,28,106,0.88,-1,29,100,0
15/05/2019 12:34,0,28,107,0.88,-1,28,100,0
15/05/2019 12:34,0,28,106,0.88,-1,28,101,0
15/05/2019 12:35,0,28,106,0.88,-1,27,101,0
15/05/2019 12:35,0,28,107,0.88,-1,28,101,0
15/05/2019 12:35,0,28,108,0.88,-1,30,101,0
15/05/2019 12:35,0,29,108,0.88,-1,29,101,0
15/05/2019 12:35,0,28,108,0.88,-1,29,101,0
15/05/2019 12:35,0,28,108,0.88,-1,29,101,0
15/05/2019 12:36,0,28,106,0.88,-1,29,102,0
15/05/2019 12:36,0,28,107,0.88,-1,29,101,0
15/05/2019 12:36,0,28,108,0.88,-1,28,101,0
15/05/2019 12:36,0,28,108,0.88,-1,26,101,0
15/05/2019 12:36,0,28,108,0.88,-1,25,101,0
15/05/2019 12:36,0,28,108,0.88,-1,24,101,0
15/05/2019 12:37,0,28,108,0.88,-1,25,101,0
15/05/2019 12:37,0,28,109,0.88,-1,25,101,0
15/05/2019 12:37,0,28,107,0.88,-1,25,101,0
15/05/2019 12:37,0,28,107,0.88,-1,26,101,0
15/05/2019 12:37,0,28,107,0.88,-1,27,101,0
15/05/2019 12:37,0,27,107,0.88,-1,27,101,0
15/05/2019 12:38,0,27,107,0.88,-1,28,101,0
15/05/2019 12:38,0,27,108,0.88,-1,28,100,0
15/05/2019 12:38,0,27,109,0.88,-1,29,101,0
15/05/2019 12:38,0,27,108,0.88,-1,28,101,0
15/05/2019 12:38,0,27,108,0.88,-1,29,101,0
15/05/2019 12:38,0,27,107,0.88,-1,29,101,0
15/05/2019 12:39,0,27,109,0.88,-1,29,101,0
15/05/2019 12:39,0,27,109,0.88,-1,28,101,0
15/05/2019 12:39,0,27,108,0.88,-1,27,101,0
15/05/2019 12:39,0,26,107,0.88,-1,28,101,0
15/05/2019 12:39,112,26,108,0.88,-1,28,101,0
15/05/2019 12:39,108,26,108,0.88,-1,29,100,0
15/05/2019 12:40,35,26,107,0.88,-1,31,100,0
15/05/2019 12:40,10,26,108,0.88,-1,30,101,0
15/05/2019 12:40,0,26,108,0.88,-1,30,101,0
15/05/2019 12:40,0,26,107,0.88,-1,31,101,0
15/05/2019 12:40,0,26,108,0.88,-1,30,101,0
15/05/2019 12:40,0,25,108,0.88,-1,30,101,0
15/05/2019 12:41,4,26,108,0.88,-1,31,101,0
15/05/2019 12:41,8,26,108,0.88,-1,31,101,0
15/05/2019 12:41,4,26,108,0.88,-1,31,98,0
15/05/2019 12:41,0,26,108,0.88,-1,31,99,0
15/05/2019 12:41,5,26,108,0.88,-1,31,101,0
15/05/2019 12:41,15,26,109,0.88,-1,31,101,0
15/05/2019 12:42,10,25,108,0.88,-1,31,101,0
15/05/2019 12:42,0,25,108,0.88,-1,31,101,0
15/05/2019 12:42,5,25,108,0.88,-1,32,101,0
15/05/2019 12:42,16,25,108,0.88,-1,31,101,0
15/05/2019 12:42,14,25,108,0.88,-1,33,101,0
15/05/2019 12:43,12,25,109,0.88,-1,33,101,0
15/05/2019 12:43,33,25,108,0.88,-1,33,101,0
15/05/2019 12:43,28,25,108,0.88,-1,34,101,0
15/05/2019 12:43,26,25,108,0.88,-1,34,101,0
15/05/2019 12:43,35,25,109,0.88,-1,33,101,0
15/05/2019 12:43,39,25,108,0.88,-1,33,101,0
15/05/2019 12:44,16,25,109,0.88,-1,33,101,0
15/05/2019 12:44,34,25,108,0.88,-1,34,101,0
15/05/2019 12:44,61,25,108,0.88,-1,36,101,0
15/05/2019 12:44,41,25,108,0.88,-1,35,101,0
15/05/2019 12:44,40,25,108,0.88,-1,35,101,0
15/05/2019 12:44,33,25,110,0.88,-1,35,101,0
15/05/2019 12:45,46,25,109,0.88,-1,35,101,0
15/05/2019 12:45,38,25,108,0.88,-1,35,101,0
15/05/2019 12:45,24,25,109,0.88,-1,34,101,0
15/05/2019 12:45,11,25,109,0.88,-1,35,101,0
15/05/2019 12:45,8,25,109,0.88,-1,35,101,0
15/05/2019 12:45,1,26,108,0.88,-1,35,101,0
15/05/2019 12:46,8,26,108,0.88,-1,34,101,0
15/05/2019 12:46,7,26,107,0.88,-1,33,101,0
15/05/2019 12:46,4,26,109,0.88,-1,33,101,0
15/05/2019 12:46,23,26,108,0.88,-1,32,101,0
15/05/2019 12:46,16,26,109,0.88,-1,32,101,0
15/05/2019 12:46,10,26,108,0.88,-1,32,101,0
15/05/2019 12:47,13,27,108,0.88,-1,32,101,0
15/05/2019 12:47,33,27,109,0.88,-1,32,101,0
15/05/2019 12:47,27,27,108,0.88,-1,31,101,0
15/05/2019 12:47,36,27,109,0.88,-1,31,101,0
15/05/2019 12:47,30,27,109,0.88,-1,31,101,0
15/05/2019 12:47,23,27,108,0.88,-1,32,101,0
15/05/2019 12:48,36,27,108,0.88,-1,32,101,0
15/05/2019 12:48,36,28,109,0.88,-1,31,101,0
15/05/2019 12:48,26,28,108,0.88,-1,31,101,0
15/05/2019 12:48,19,28,108,0.88,-1,31,101,0
15/05/2019 12:48,12,28,109,0.88,-1,31,101,0
15/05/2019 12:48,18,28,109,0.88,-1,31,101,0
15/05/2019 12:49,40,28,109,0.88,-1,31,101,0
15/05/2019 12:49,33,28,108,0.88,-1,31,101,0
15/05/2019 12:49,47,29,109,0.88,-1,31,101,0
15/05/2019 12:49,38,29,108,0.88,-1,30,101,0
15/05/2019 12:49,27,29,110,0.88,-1,30,101,0
15/05/2019 12:49,29,29,109,0.88,-1,31,101,0
15/05/2019 12:50,28,29,110,0.88,-1,30,101,0
15/05/2019 12:50,34,29,109,0.88,-1,30,101,0
15/05/2019 12:50,38,29,109,0.88,-1,30,101,0
15/05/2019 12:50,23,30,109,0.88,-1,30,101,0
15/05/2019 12:50,21,30,109,0.88,-1,30,101,0
15/05/2019 12:50,40,30,109,0.88,-1,30,101,0
15/05/2019 12:51,34,30,108,0.88,-1,29,101,0
15/05/2019 12:51,33,30,110,0.88,-1,29,101,0
15/05/2019 12:51,25,30,110,0.88,-1,30,101,0
15/05/2019 12:51,20,31,109,0.88,-1,30,101,0
15/05/2019 12:51,24,31,109,0.88,-1,30,101,0
15/05/2019 12:51,44,31,110,0.88,-1,29,101,0
15/05/2019 12:52,54,31,108,0.88,-1,28,101,0
15/05/2019 12:52,33,31,109,0.88,-1,28,101,0
15/05/2019 12:52,38,31,110,0.88,-1,28,101,0
15/05/2019 12:52,52,31,109,0.88,-1,28,101,0
15/05/2019 12:52,62,31,110,0.88,-1,27,101,0
15/05/2019 12:53,35,31,109,0.88,-1,27,101,0
15/05/2019 12:53,20,31,109,0.88,-1,26,100,0
15/05/2019 12:53,10,31,108,0.88,-1,25,100,0
15/05/2019 12:53,8,31,108,0.88,-1,25,100,0
15/05/2019 12:53,3,31,109,0.88,-1,24,100,0
15/05/2019 12:53,1,31,109,0.88,-1,24,99,0
15/05/2019 12:54,0,31,107,0.88,-1,24,100,0
15/05/2019 12:54,0,31,106,0.88,-1,24,100,0
15/05/2019 12:54,0,31,107,0.88,-1,25,99,0
15/05/2019 12:54,0,31,107,0.88,-1,25,99,0
15/05/2019 12:54,0,30,101,0.89,-1,25,100,0
15/05/2019 12:54,0,30,96,0.89,-1,25,100,0
15/05/2019 12:55,0,30,94,0.89,-1,25,99,0
15/05/2019 12:55,0,30,90,0.89,-1,25,99,0
15/05/2019 12:55,0,30,88,0.89,-1,26,100,0
15/05/2019 12:55,0,30,85,0.89,-1,26,99,0
15/05/2019 12:55,0,30,81,0.89,-1,26,99,0
15/05/2019 12:55,0,30,75,0.89,-1,26,100,0
15/05/2019 12:56,0,29,70,0.89,-1,26,99,0
15/05/2019 12:56,0,29,70,0.89,-1,25,100,0
15/05/2019 12:56,0,29,63,0.89,-1,25,100,0
15/05/2019 12:56,0,29,54,0.89,-1,24,100,0
15/05/2019 12:56,0,29,44,0.89,-1,25,100,0
15/05/2019 12:56,0,29,37,0.89,-1,25,99,0
15/05/2019 12:57,0,29,32,0.89,-1,25,100,0
15/05/2019 12:57,0,29,25,0.89,-1,26,99,0
15/05/2019 12:57,0,28,20,0.89,-1,26,99,0
15/05/2019 12:57,0,28,17,0.89,-1,26,99,0
15/05/2019 12:57,0,28,15,0.89,-1,27,99,0
15/05/2019 12:57,0,28,11,0.89,-1,27,100,0
15/05/2019 12:58,0,28,9,0.89,-1,27,99,0
15/05/2019 12:58,0,28,7,0.9,-1,26,99,0
15/05/2019 12:58,0,28,4,0.9,-1,26,100,0
15/05/2019 12:58,0,28,2,0.9,-1,26,100,0
15/05/2019 12:58,0,28,0,0.9,-1,25,100,0
15/05/2019 12:58,1,28,-2,0.9,-1,26,99,0
15/05/2019 12:59,2,28,-2,0.9,-1,26,100,0
15/05/2019 12:59,2,28,0,0.9,-1,26,100,0
15/05/2019 12:59,0,28,-3,0.9,-1,26,99,0
15/05/2019 12:59,0,28,-3,0.9,-1,26,100,0
15/05/2019 12:59,0,28,-3,0.9,-1,27,101,0
15/05/2019 12:59,0,27,-5,0.9,-1,27,101,0
15/05/2019 13:00,1,27,0,0.9,-1,27,101,0
15/05/2019 13:00,8,27,-2,0.9,-1,27,101,0
15/05/2019 13:00,7,27,-3,0.9,-1,27,101,0
15/05/2019 13:00,7,27,-4,0.9,-1,26,101,0
15/05/2019 13:00,2,27,-3,0.9,-1,26,101,0
15/05/2019 13:00,0,27,-4,0.9,-1,26,101,0
15/05/2019 13:01,0,27,-2,0.9,-1,25,101,0
15/05/2019 13:01,3,27,-4,0.9,-1,26,101,0
15/05/2019 13:01,0,27,-3,0.9,-1,26,101,0
15/05/2019 13:01,3,27,-4,0.9,-1,26,101,0
15/05/2019 13:01,1,27,-2,0.9,-1,27,101,0
15/05/2019 13:01,4,27,-2,0.9,-1,27,101,0
15/05/2019 13:02,4,27,-4,0.9,-1,27,101,0
15/05/2019 13:02,2,27,-5,0.9,-1,27,101,0
15/05/2019 13:02,2,26,-5,0.9,-1,28,101,0
15/05/2019 13:02,0,26,-2,0.9,-1,28,101,0
15/05/2019 13:02,0,26,-2,0.9,-1,28,101,0
15/05/2019 13:02,0,27,-3,0.9,-1,28,100,0
15/05/2019 13:03,0,27,-3,0.9,-1,29,100,0
15/05/2019 13:03,0,27,-2,0.9,-1,29,101,0
15/05/2019 13:03,0,27,-3,0.9,-1,29,101,0
15/05/2019 13:03,0,27,-3,0.9,-1,27,100,0
15/05/2019 13:03,0,27,-2,0.9,-1,27,100,0
15/05/2019 13:04,0,27,-2,0.9,-1,27,100,0
15/05/2019 13:04,0,27,-3,0.9,-1,26,100,0
15/05/2019 13:04,0,27,-3,0.9,-1,26,100,0
15/05/2019 13:04,0,27,-2,0.9,-1,26,100,0
15/05/2019 13:04,0,27,-3,0.9,-1,26,100,0
15/05/2019 13:04,0,28,-2,0.9,-1,26,100,0
15/05/2019 13:05,0,28,-3,0.9,-1,27,100,0
15/05/2019 13:05,0,28,-2,0.9,-1,27,100,0
15/05/2019 13:05,0,28,-2,0.9,-1,27,100,0
15/05/2019 13:05,0,28,-2,0.9,-1,27,100,0
15/05/2019 13:05,0,28,0,0.9,-1,27,99,0
15/05/2019 13:05,0,28,0,0.9,-1,27,100,0
15/05/2019 13:06,0,28,-2,0.9,-1,27,100,0
15/05/2019 13:06,0,28,0,0.9,-1,27,101,0
15/05/2019 13:06,0,27,-5,0.9,-1,26,101,0
15/05/2019 13:06,0,26,-3,0.9,-1,25,100,0
15/05/2019 13:06,5,26,-2,0.9,-1,26,100,0
15/05/2019 13:06,8,26,-3,0.9,-1,27,101,0
15/05/2019 13:07,2,26,-2,0.9,-1,27,101,0
15/05/2019 13:07,4,26,-3,0.9,-1,27,101,0
15/05/2019 13:07,10,26,0,0.9,-1,28,101,0
15/05/2019 13:07,7,27,0,0.9,-1,28,101,0
15/05/2019 13:07,8,27,0,0.9,-1,28,101,0
15/05/2019 13:07,11,27,0,0.9,-1,28,101,0
15/05/2019 13:08,5,27,-3,0.9,-1,28,101,0
15/05/2019 13:08,0,27,0,0.9,-1,28,101,0
15/05/2019 13:08,0,27,-2,0.9,-1,29,101,0
15/05/2019 13:08,4,27,-2,0.9,-1,29,101,0
15/05/2019 13:08,4,27,0,0.9,-1,28,101,0
15/05/2019 13:08,4,27,-4,0.9,-1,27,99,0
15/05/2019 13:09,0,27,0,0.9,-1,26,101,0
15/05/2019 13:09,0,26,0,0.9,-1,26,101,0
15/05/2019 13:09,2,26,-3,0.9,-1,27,101,0
15/05/2019 13:09,0,26,-3,0.9,-1,29,101,0
15/05/2019 13:09,0,26,-2,0.9,-1,29,101,0
15/05/2019 13:09,0,27,-3,0.9,-1,29,101,0
15/05/2019 13:10,1,26,-3,0.9,-1,28,101,0
15/05/2019 13:10,2,26,-2,0.9,-1,27,101,0
15/05/2019 13:10,0,26,-3,0.9,-1,27,101,0
15/05/2019 13:10,2,26,-3,0.9,-1,26,101,0
15/05/2019 13:10,0,26,-2,0.9,-1,26,101,0
15/05/2019 13:10,4,26,0,0.9,-1,27,101,0
15/05/2019 13:11,0,26,-2,0.9,-1,28,101,0
15/05/2019 13:11,0,26,-2,0.9,-1,27,101,0
15/05/2019 13:11,0,26,-2,0.9,-1,28,101,0
15/05/2019 13:11,0,26,-2,0.9,-1,29,101,0
15/05/2019 13:11,0,26,-2,0.9,-1,30,101,0
