15/05/2019 09:16,0,23,-2,0.89,-1,39,101,93
15/05/2019 09:16,0,22,-2,0.89,-1,39,101,93
15/05/2019 09:16,0,22,-2,0.89,-1,38,102,93
15/05/2019 09:16,0,22,-2,0.89,-1,38,101,93
15/05/2019 09:16,0,22,-2,0.89,-1,39,101,93
15/05/2019 09:16,0,22,0,0.89,-1,39,102,93
15/05/2019 09:17,0,22,-2,0.89,-1,39,102,93
15/05/2019 09:17,0,22,0,0.89,-1,39,101,93
15/05/2019 09:17,0,22,0,0.89,-1,38,101,93
15/05/2019 09:17,0,22,0,0.89,-1,38,101,93
15/05/2019 09:17,0,22,-2,0.89,-1,39,102,93
15/05/2019 09:17,0,22,0,0.89,-1,39,101,93
15/05/2019 09:18,0,21,0,0.89,-1,39,101,93
15/05/2019 09:18,0,21,0,0.89,-1,39,101,93
15/05/2019 09:18,0,21,0,0.89,-1,38,101,93
15/05/2019 09:18,0,21,-2,0.89,-1,39,101,93
15/05/2019 09:18,0,21,-2,0.89,-1,39,101,93
15/05/2019 09:18,0,21,0,0.89,-1,39,99,93
15/05/2019 09:19,0,20,0,0.89,-1,40,100,93
15/05/2019 09:19,0,21,0,0.89,-1,40,101,93
15/05/2019 09:19,0,21,-2,0.89,-1,40,101,93
15/05/2019 09:19,0,21,0,0.89,-1,39,101,93
15/05/2019 09:19,0,21,0,0.89,-1,40,101,93
15/05/2019 09:19,0,20,0,0.89,-1,39,101,93
15/05/2019 09:20,0,20,0,0.89,-1,39,102,93
15/05/2019 09:20,0,20,0,0.89,-1,40,102,92
15/05/2019 09:20,0,20,0,0.89,-1,40,101,93
15/05/2019 09:20,0,20,0,0.89,-1,40,101,93
15/05/2019 09:20,0,21,0,0.89,-1,41,102,93
15/05/2019 09:20,0,21,0,0.89,-1,41,102,93
15/05/2019 09:21,0,21,1,0.89,-1,40,101,93
15/05/2019 09:21,0,21,1,0.89,-1,39,101,93
15/05/2019 09:21,0,21,0,0.89,-1,39,101,92
15/05/2019 09:21,0,21,1,0.89,-1,41,101,93
15/05/2019 09:21,0,21,0,0.89,-1,40,101,93
15/05/2019 09:22,0,20,0,0.89,-1,41,100,93
15/05/2019 09:22,0,21,0,0.89,-1,40,100,93
15/05/2019 09:22,0,21,1,0.89,-1,40,101,93
15/05/2019 09:22,0,22,0,0.89,-1,40,101,93
15/05/2019 09:22,0,22,0,0.89,-1,40,102,93
15/05/2019 09:22,0,22,0,0.89,-1,40,101,92
15/05/2019 09:23,0,22,-2,0.89,-1,39,102,93
15/05/2019 09:23,0,22,0,0.89,-1,39,101,93
15/05/2019 09:23,0,22,0,0.89,-1,39,101,93
15/05/2019 09:23,0,22,-2,0.89,-1,39,101,93
15/05/2019 09:23,0,22,0,0.89,-1,39,100,93
15/05/2019 09:23,0,22,0,0.89,-1,39,102,93
15/05/2019 09:24,0,22,0,0.89,-1,38,102,93
15/05/2019 09:24,0,22,0,0.89,-1,37,102,93
15/05/2019 09:24,0,22,0,0.89,-1,37,102,93
15/05/2019 09:24,0,22,0,0.89,-1,37,100,93
15/05/2019 09:24,0,22,0,0.89,-1,36,101,92
15/05/2019 09:24,0,23,0,0.89,-1,37,102,93
15/05/2019 09:25,0,23,0,0.89,-1,37,102,93
15/05/2019 09:25,0,23,0,0.89,-1,37,100,93
15/05/2019 09:25,0,23,0,0.89,-1,38,101,93
15/05/2019 09:25,0,23,-2,0.89,-1,38,101,93
15/05/2019 09:25,0,23,0,0.89,-1,37,102,93
15/05/2019 09:25,0,23,0,0.89,-1,37,100,92
15/05/2019 09:26,0,23,0,0.89,-1,37,100,93
15/05/2019 09:26,0,23,0,0.89,-1,37,102,92
15/05/2019 09:26,0,23,0,0.89,-1,37,102,93
15/05/2019 09:26,0,22,0,0.89,-1,36,101,93
15/05/2019 09:26,0,22,0,0.89,-1,37,100,93
15/05/2019 09:26,0,23,0,0.89,-1,38,101,92
15/05/2019 09:27,0,23,0,0.89,-1,37,101,93
15/05/2019 09:27,0,23,0,0.89,-1,37,101,92
15/05/2019 09:27,0,23,0,0.89,-1,37,101,92
15/05/2019 09:27,0,23,0,0.89,-1,38,101,93
15/05/2019 09:27,0,23,-3,0.89,-1,38,101,92
15/05/2019 09:27,0,23,-4,0.89,-1,37,101,93
15/05/2019 09:28,0,23,-5,0.89,-1,36,101,93
15/05/2019 09:28,0,23,-7,0.89,-1,36,101,93
15/05/2019 09:28,0,23,-8,0.89,-1,37,101,92
15/05/2019 09:28,0,23,-8,0.89,-1,37,101,92
15/05/2019 09:28,0,23,-9,0.89,-1,37,101,92
15/05/2019 09:28,0,22,-10,0.89,-1,37,100,92
15/05/2019 09:29,0,23,-9,0.89,-1,37,102,93
15/05/2019 09:29,0,22,-9,0.89,-1,38,101,92
15/05/2019 09:29,0,22,-9,0.89,-1,37,101,92
15/05/2019 09:29,0,21,-10,0.89,-1,38,100,92
15/05/2019 09:29,0,22,-8,0.89,-1,37,101,92
15/05/2019 09:29,0,22,-9,0.89,-1,38,101,92
15/05/2019 09:30,0,22,-9,0.89,-1,38,100,92
15/05/2019 09:30,0,22,-9,0.89,-1,39,101,91
15/05/2019 09:30,0,22,-8,0.89,-1,39,101,93
15/05/2019 09:30,0,22,-9,0.89,-1,39,101,92
15/05/2019 09:30,0,22,-9,0.89,-1,39,102,92
15/05/2019 09:30,0,22,-10,0.89,-1,39,101,92
15/05/2019 09:31,0,22,-9,0.89,-1,38,101,92
15/05/2019 09:31,0,22,-11,0.89,-1,39,101,91
15/05/2019 09:31,0,22,-13,0.89,-1,39,101,93
15/05/2019 09:31,0,22,-16,0.89,-1,38,101,92
15/05/2019 09:31,0,22,-19,0.89,-1,38,101,92
15/05/2019 09:31,0,21,-21,0.89,-1,37,101,91
15/05/2019 09:32,0,21,-19,0.89,-1,38,101,92
15/05/2019 09:32,0,21,-20,0.89,-1,38,101,92
15/05/2019 09:32,0,22,-19,0.89,-1,38,100,92
15/05/2019 09:32,0,22,-20,0.89,-1,37,101,92
15/05/2019 09:32,0,22,-20,0.89,-1,37,101,92
15/05/2019 09:32,0,22,-20,0.89,-1,37,101,92
15/05/2019 09:33,0,22,-20,0.89,-1,37,101,92
15/05/2019 09:33,0,22,-20,0.89,-1,37,101,92
15/05/2019 09:33,0,22,-19,0.89,-1,37,101,92
15/05/2019 09:33,0,21,-20,0.89,-1,38,101,91
15/05/2019 09:33,0,21,-20,0.89,-1,38,101,93
15/05/2019 09:33,0,21,-20,0.89,-1,38,101,92
15/05/2019 09:34,0,21,-20,0.89,-1,39,101,92
15/05/2019 09:34,0,21,-21,0.89,-1,39,101,93
15/05/2019 09:34,0,21,-20,0.89,-1,39,101,92
15/05/2019 09:34,0,21,-21,0.89,-1,39,101,91
15/05/2019 09:34,0,21,-19,0.89,-1,39,101,92
15/05/2019 09:35,0,22,-20,0.89,-1,38,100,92
15/05/2019 09:35,0,22,-20,0.89,-1,39,102,92
15/05/2019 09:35,0,23,-20,0.89,-1,39,102,92
15/05/2019 09:35,0,23,-21,0.89,-1,39,102,92
15/05/2019 09:35,0,23,-20,0.89,-1,39,102,92
15/05/2019 09:35,0,23,-20,0.89,-1,39,102,91
15/05/2019 09:36,0,24,-19,0.89,-1,38,102,92
15/05/2019 09:36,0,24,-21,0.89,-1,37,102,91
15/05/2019 09:36,0,24,-20,0.89,-1,35,101,91
15/05/2019 09:36,0,24,-19,0.89,-1,37,101,92
15/05/2019 09:36,43,26,-20,0.89,-1,36,101,91
15/05/2019 09:36,122,26,-18,0.89,-1,39,101,92
15/05/2019 09:37,63,24,-17,0.89,-1,41,101,91
15/05/2019 09:37,26,23,-16,0.89,-1,36,100,92
15/05/2019 09:37,11,23,-16,0.89,-1,36,100,91
15/05/2019 09:37,59,24,-16,0.89,-1,37,101,92
15/05/2019 09:37,33,24,-15,0.89,-1,39,101,91
15/05/2019 09:37,22,24,-16,0.89,-1,35,101,91
15/05/2019 09:38,156,27,-15,0.89,-1,36,101,91
15/05/2019 09:38,162,27,-14,0.89,-1,42,100,91
15/05/2019 09:38,285,34,-14,0.89,-1,39,100,92
15/05/2019 09:38,285,35,-17,0.89,-1,35,101,91
15/05/2019 09:38,137,32,-18,0.89,-1,26,101,92
15/05/2019 09:38,109,31,-17,0.89,-1,26,101,91
15/05/2019 09:39,79,31,-18,0.89,-1,28,101,91
15/05/2019 09:39,63,30,-17,0.89,-1,27,101,91
15/05/2019 09:39,132,32,-15,0.89,-1,27,101,91
15/05/2019 09:39,184,33,-15,0.89,-1,30,101,92
15/05/2019 09:39,138,31,-12,0.89,-1,29,101,91
15/05/2019 09:39,99,30,-14,0.89,-1,27,101,91
15/05/2019 09:40,105,30,-12,0.89,-1,29,101,91
15/05/2019 09:40,110,29,-11,0.89,-1,29,101,91
15/05/2019 09:40,68,27,-11,0.89,-1,30,101,91
15/05/2019 09:40,62,27,-11,0.89,-1,31,101,92
15/05/2019 09:40,80,27,-11,0.89,-1,32,101,91
15/05/2019 09:40,75,28,-10,0.89,-1,32,101,92
15/05/2019 09:41,61,28,-10,0.89,-1,32,101,91
15/05/2019 09:41,59,28,-11,0.89,-1,31,101,92
15/05/2019 09:41,83,29,-10,0.89,-1,30,101,91
15/05/2019 09:41,104,30,-10,0.89,-1,31,100,91
15/05/2019 09:41,186,31,-9,0.89,-1,34,101,92
15/05/2019 09:41,124,30,-10,0.89,-1,34,101,91
15/05/2019 09:42,135,32,-10,0.89,-1,31,102,90
15/05/2019 09:42,137,31,-8,0.89,-1,33,101,92
15/05/2019 09:42,144,32,-8,0.89,-1,32,101,91
15/05/2019 09:42,153,32,-9,0.89,-1,35,101,91
15/05/2019 09:42,69,31,-9,0.89,-1,29,101,91
15/05/2019 09:42,35,32,-9,0.89,-1,27,101,91
15/05/2019 09:43,25,32,-9,0.89,-1,27,101,91
15/05/2019 09:43,38,32,-9,0.89,-1,27,101,91
15/05/2019 09:43,257,35,-10,0.89,-1,28,100,91
15/05/2019 09:43,262,35,-8,0.89,-1,30,101,91
15/05/2019 09:43,285,35,-7,0.89,-1,31,101,91
15/05/2019 09:43,167,34,-7,0.89,-1,28,101,91
15/05/2019 09:44,78,34,-6,0.89,-1,25,101,91
15/05/2019 09:44,104,34,-6,0.89,-1,25,101,91
15/05/2019 09:44,84,33,-5,0.89,-1,28,101,91
15/05/2019 09:44,100,32,-4,0.89,-1,27,101,91
15/05/2019 09:44,173,37,-4,0.89,-1,28,101,91
15/05/2019 09:44,223,37,-5,0.89,-1,32,101,91
15/05/2019 09:45,197,40,-5,0.89,-1,24,101,90
15/05/2019 09:45,225,40,-4,0.89,-1,27,101,90
15/05/2019 09:45,285,41,-4,0.89,-1,26,100,91
15/05/2019 09:45,285,40,-4,0.89,-1,21,101,90
15/05/2019 09:45,275,40,-4,0.89,-1,21,101,90
15/05/2019 09:45,174,37,-2,0.89,-1,24,101,90
15/05/2019 09:46,103,38,-2,0.89,-1,21,101,91
15/05/2019 09:46,243,39,-5,0.89,-1,22,101,90
15/05/2019 09:46,262,39,-4,0.89,-1,25,101,90
15/05/2019 09:46,171,37,-6,0.89,-1,23,100,90
15/05/2019 09:46,132,33,-9,0.89,-1,21,101,90
15/05/2019 09:46,115,36,-7,0.89,-1,24,102,90
15/05/2019 09:47,123,36,-8,0.89,-1,25,102,90
15/05/2019 09:47,197,38,-4,0.89,-1,24,101,89
15/05/2019 09:47,285,40,-2,0.89,-1,25,101,89
15/05/2019 09:47,285,39,-2,0.89,-1,34,101,90
15/05/2019 09:47,285,38,0,0.89,-1,23,101,90
15/05/2019 09:48,170,39,-2,0.89,-1,21,101,90
15/05/2019 09:48,108,39,0,0.89,-1,22,101,90
15/05/2019 09:48,140,39,0,0.89,-1,21,101,90
15/05/2019 09:48,220,40,0,0.89,-1,22,101,90
15/05/2019 09:48,278,40,0,0.89,-1,26,101,90
15/05/2019 09:48,285,40,0,0.89,-1,21,101,90
15/05/2019 09:49,251,40,0,0.89,-1,23,101,89
15/05/2019 09:49,285,40,-2,0.89,-1,21,101,90
15/05/2019 09:49,232,40,-4,0.89,-1,22,101,90
15/05/2019 09:49,168,40,-4,0.89,-1,20,101,90
15/05/2019 09:49,285,41,-2,0.89,-1,20,101,90
15/05/2019 09:49,285,41,-3,0.89,-1,24,101,90
15/05/2019 09:50,285,41,-3,0.89,-1,22,101,90
15/05/2019 09:50,285,40,-3,0.89,-1,22,101,90
15/05/2019 09:50,285,40,-4,0.89,-1,22,101,90
15/05/2019 09:50,285,41,0,0.89,-1,22,101,90
15/05/2019 09:50,285,43,0,0.89,-1,26,101,90
15/05/2019 09:50,285,42,0,0.89,-1,20,100,90
15/05/2019 09:51,285,43,0,0.89,-1,19,101,90
15/05/2019 09:51,285,41,0,0.89,-1,21,101,90
15/05/2019 09:51,285,41,0,0.89,-1,19,101,90
15/05/2019 09:51,285,41,0,0.89,-1,19,101,90
15/05/2019 09:51,171,42,0,0.89,-1,19,101,90
15/05/2019 09:51,116,42,0,0.89,-1,19,102,90
15/05/2019 09:52,150,41,0,0.89,-1,19,100,90
15/05/2019 09:52,89,37,-4,0.89,-1,20,101,90
15/05/2019 09:52,62,38,-3,0.89,-1,20,101,91
15/05/2019 09:52,48,37,-5,0.89,-1,22,101,90
15/05/2019 09:52,35,38,-4,0.89,-1,21,101,90
15/05/2019 09:52,24,38,-4,0.89,-1,21,101,90
15/05/2019 09:53,18,37,-3,0.89,-1,22,101,90
15/05/2019 09:53,12,38,-4,0.89,-1,23,101,90
15/05/2019 09:53,0,38,-4,0.89,-1,24,101,90
15/05/2019 09:53,0,38,-4,0.89,-1,22,101,89
15/05/2019 09:53,0,38,-4,0.89,-1,22,100,90
15/05/2019 09:53,0,38,-4,0.89,-1,22,101,90
15/05/2019 09:54,0,38,-4,0.89,-1,22,101,91
15/05/2019 09:54,0,39,-3,0.89,-1,22,101,90
15/05/2019 09:54,15,39,-4,0.89,-1,21,101,90
15/05/2019 09:54,19,39,-3,0.89,-1,21,101,90
15/05/2019 09:54,23,38,-4,0.89,-1,20,102,89
15/05/2019 09:54,24,38,-4,0.89,-1,20,101,90
15/05/2019 09:55,24,36,-4,0.89,-1,20,101,90
15/05/2019 09:55,24,35,-4,0.89,-1,21,101,90
15/05/2019 09:55,19,36,-3,0.89,-1,22,101,89
15/05/2019 09:55,14,34,-4,0.89,-1,23,101,90
15/05/2019 09:55,0,32,-4,0.89,-1,23,101,90
15/05/2019 09:55,0,34,-3,0.89,-1,24,101,90
15/05/2019 09:56,0,35,-4,0.89,-1,26,101,89
15/05/2019 09:56,0,35,-4,0.89,-1,25,101,89
15/05/2019 09:56,0,35,-3,0.89,-1,24,101,90
15/05/2019 09:56,0,35,-4,0.89,-1,24,101,90
15/05/2019 09:56,0,35,-3,0.89,-1,24,101,90
15/05/2019 09:56,0,35,-3,0.89,-1,24,101,90
15/05/2019 09:57,0,34,-3,0.89,-1,24,101,89
15/05/2019 09:57,0,34,-3,0.89,-1,25,102,90
15/05/2019 09:57,0,34,-3,0.89,-1,24,101,90
15/05/2019 09:57,0,34,-3,0.89,-1,24,101,90
15/05/2019 09:57,0,34,-3,0.89,-1,25,101,89
15/05/2019 09:57,0,34,-3,0.89,-1,25,101,90
15/05/2019 09:58,0,33,-3,0.89,-1,24,101,89
15/05/2019 09:58,0,32,-3,0.89,-1,25,101,88
15/05/2019 09:58,0,33,-3,0.89,-1,25,101,90
15/05/2019 09:58,0,33,-3,0.89,-1,25,101,89
15/05/2019 09:58,0,33,-4,0.89,-1,25,101,90
15/05/2019 09:58,0,33,-3,0.89,-1,26,101,90
15/05/2019 09:59,0,33,-3,0.89,-1,26,101,89
15/05/2019 09:59,0,33,-4,0.89,-1,26,101,90
15/05/2019 09:59,0,32,-4,0.89,-1,26,101,89
15/05/2019 09:59,0,32,-4,0.89,-1,27,101,89
15/05/2019 09:59,0,32,-4,0.89,-1,27,101,90
15/05/2019 10:00,0,32,-4,0.89,-1,27,101,90
15/05/2019 10:00,0,32,-3,0.89,-1,27,101,89
15/05/2019 10:00,0,32,-3,0.89,-1,27,101,89
15/05/2019 10:00,0,32,-4,0.89,-1,27,101,89
15/05/2019 10:00,0,32,-4,0.89,-1,27,101,89
15/05/2019 10:00,0,32,-4,0.89,-1,27,101,90
15/05/2019 10:01,0,32,-4,0.89,-1,28,101,89
15/05/2019 10:01,0,31,-3,0.89,-1,28,101,89
15/05/2019 10:01,0,32,-4,0.89,-1,28,101,89
15/05/2019 10:01,0,31,-3,0.89,-1,28,101,89
15/05/2019 10:01,0,31,-3,0.89,-1,28,101,89
15/05/2019 10:01,0,31,-4,0.89,-1,28,100,89
15/05/2019 10:02,0,31,-3,0.89,-1,28,101,89
15/05/2019 10:02,0,31,-4,0.89,-1,28,101,89
15/05/2019 10:02,0,31,-3,0.89,-1,28,101,89
15/05/2019 10:02,0,31,-3,0.89,-1,28,101,89
15/05/2019 10:02,0,31,-3,0.89,-1,28,101,89
15/05/2019 10:02,0,31,-3,0.89,-1,28,101,89
15/05/2019 10:03,0,31,-4,0.89,-1,28,101,89
15/05/2019 10:03,0,30,-3,0.89,-1,28,101,89
15/05/2019 10:03,0,30,-4,0.89,-1,28,101,89
15/05/2019 10:03,0,30,-3,0.89,-1,28,101,89
15/05/2019 10:03,0,30,-3,0.89,-1,29,101,89
15/05/2019 10:03,0,29,-4,0.89,-1,28,101,89
15/05/2019 10:04,0,30,-4,0.89,-1,29,101,89
15/05/2019 10:04,0,30,-3,0.89,-1,29,101,89
15/05/2019 10:04,0,30,-3,0.89,-1,30,101,89
15/05/2019 10:04,0,30,-3,0.89,-1,30,101,89
15/05/2019 10:04,0,30,-4,0.89,-1,29,101,88
15/05/2019 10:04,0,30,-2,0.89,-1,28,101,89
15/05/2019 10:05,0,29,-4,0.89,-1,29,100,89
15/05/2019 10:05,0,29,-4,0.89,-1,29,101,89
15/05/2019 10:05,0,30,-4,0.89,-1,30,102,90
15/05/2019 10:05,0,29,-4,0.89,-1,30,102,89
15/05/2019 10:05,0,29,-3,0.89,-1,30,101,90
15/05/2019 10:05,0,29,-4,0.89,-1,31,102,89
15/05/2019 10:06,0,29,-4,0.89,-1,30,101,89
15/05/2019 10:06,0,29,-4,0.89,-1,30,102,89
15/05/2019 10:06,0,29,-4,0.89,-1,30,102,89
15/05/2019 10:06,0,29,-3,0.89,-1,30,102,89
15/05/2019 10:06,0,29,-3,0.89,-1,31,101,88
15/05/2019 10:06,0,29,-3,0.89,-1,31,101,89
15/05/2019 10:07,0,29,-4,0.89,-1,31,101,88
15/05/2019 10:07,0,29,-3,0.89,-1,31,101,88
15/05/2019 10:07,0,29,-4,0.89,-1,31,101,89
15/05/2019 10:07,0,29,-4,0.89,-1,30,101,88
15/05/2019 10:07,0,29,-3,0.89,-1,30,101,89
15/05/2019 10:07,0,29,-4,0.89,-1,30,101,89
15/05/2019 10:08,0,29,-4,0.89,-1,31,101,89
15/05/2019 10:08,0,28,-5,0.89,-1,31,101,89
15/05/2019 10:08,0,28,-4,0.89,-1,31,101,89
15/05/2019 10:08,0,28,-4,0.89,-1,30,101,88
15/05/2019 10:08,0,28,-4,0.89,-1,31,102,89
15/05/2019 10:08,0,28,-4,0.89,-1,32,102,89
15/05/2019 10:09,0,28,-4,0.89,-1,33,102,89
15/05/2019 10:09,0,28,-4,0.89,-1,33,102,88
15/05/2019 10:09,0,28,-4,0.89,-1,31,102,89
15/05/2019 10:09,0,28,-4,0.89,-1,32,102,88
15/05/2019 10:09,0,28,-4,0.89,-1,31,102,89
15/05/2019 10:09,0,28,-3,0.89,-1,32,102,88
15/05/2019 10:10,0,28,-4,0.89,-1,32,102,88
15/05/2019 10:10,0,28,-4,0.89,-1,31,102,89
15/05/2019 10:10,0,28,-5,0.89,-1,31,102,88
15/05/2019 10:10,0,28,-4,0.89,-1,31,102,88
15/05/2019 10:10,0,28,-5,0.89,-1,32,102,89
15/05/2019 10:10,0,28,-4,0.89,-1,31,102,88
15/05/2019 10:11,0,28,-4,0.89,-1,30,102,88
15/05/2019 10:11,0,28,-4,0.89,-1,32,102,88
15/05/2019 10:11,0,28,-4,0.89,-1,32,102,89
15/05/2019 10:11,0,28,-3,0.89,-1,32,102,88
15/05/2019 10:11,0,28,-4,0.89,-1,31,102,88
15/05/2019 10:11,0,28,-3,0.89,-1,31,101,89
15/05/2019 10:12,0,29,0,0.89,-1,31,102,88
15/05/2019 10:12,0,29,0,0.89,-1,31,102,89
15/05/2019 10:12,0,29,1,0.89,-1,32,102,88
15/05/2019 10:12,0,29,1,0.89,-1,31,102,88
15/05/2019 10:12,0,29,0,0.89,-1,30,102,88
15/05/2019 10:13,0,29,0,0.89,-1,30,102,88
15/05/2019 10:13,0,29,0,0.89,-1,30,102,88
15/05/2019 10:13,0,29,0,0.89,-1,30,102,88
15/05/2019 10:13,0,29,0,0.89,-1,30,102,88
15/05/2019 10:13,0,29,0,0.89,-1,30,102,88
15/05/2019 10:13,0,29,1,0.89,-1,30,102,88
15/05/2019 10:14,0,29,0,0.89,-1,30,102,88
15/05/2019 10:14,0,29,0,0.89,-1,30,102,88
15/05/2019 10:14,0,28,0,0.89,-1,30,102,88
15/05/2019 10:14,0,28,1,0.89,-1,30,102,89
15/05/2019 10:14,0,29,1,0.89,-1,32,102,88
15/05/2019 10:14,0,29,2,0.89,-1,32,102,88
15/05/2019 10:15,0,28,0,0.89,-1,31,102,88
15/05/2019 10:15,0,29,0,0.89,-1,30,102,86
15/05/2019 10:15,0,29,0,0.89,-1,30,102,88
15/05/2019 10:15,0,29,0,0.89,-1,30,102,88
15/05/2019 10:15,0,29,0,0.89,-1,30,102,88
15/05/2019 10:15,0,29,1,0.89,-1,29,102,88
15/05/2019 10:16,0,29,1,0.89,-1,29,102,88
15/05/2019 10:16,0,29,0,0.89,-1,29,102,88
15/05/2019 10:16,0,29,0,0.89,-1,29,102,88
15/05/2019 10:16,0,29,0,0.89,-1,29,102,87
15/05/2019 10:16,0,29,0,0.89,-1,30,102,87
15/05/2019 10:16,0,29,0,0.89,-1,30,102,88
15/05/2019 10:17,0,29,0,0.89,-1,30,102,88
15/05/2019 10:17,0,29,0,0.89,-1,30,102,85
15/05/2019 10:17,0,29,0,0.89,-1,30,102,88
15/05/2019 10:17,0,29,0,0.89,-1,30,102,88
15/05/2019 10:17,0,28,0,0.89,-1,31,101,88
15/05/2019 10:17,0,26,1,0.89,-1,31,101,88
15/05/2019 10:18,0,27,0,0.89,-1,32,101,88
15/05/2019 10:18,0,27,0,0.89,-1,34,101,88
15/05/2019 10:18,0,28,0,0.89,-1,34,101,88
15/05/2019 10:18,0,26,0,0.89,-1,34,101,88
15/05/2019 10:18,0,25,0,0.89,-1,32,101,88
15/05/2019 10:18,0,26,-4,0.89,-1,34,101,86
15/05/2019 10:19,0,25,-8,0.89,-1,34,101,87
15/05/2019 10:19,0,26,-11,0.89,-1,35,101,87
15/05/2019 10:19,0,26,-15,0.89,-1,35,101,87
15/05/2019 10:19,0,25,-18,0.89,-1,33,101,87
15/05/2019 10:19,0,26,-21,0.89,-1,32,101,87
15/05/2019 10:19,0,26,-21,0.89,-1,32,101,87
15/05/2019 10:20,0,26,-22,0.89,-1,32,101,87
15/05/2019 10:20,0,25,-23,0.89,-1,32,101,87
15/05/2019 10:20,0,25,-24,0.89,-1,31,101,87
15/05/2019 10:20,0,25,-26,0.89,-1,32,101,87
15/05/2019 10:20,0,25,-29,0.89,-1,32,101,88
15/05/2019 10:20,0,25,-29,0.89,-1,33,101,87
15/05/2019 10:21,0,25,-29,0.89,-1,33,101,87
15/05/2019 10:21,0,25,-29,0.89,-1,34,101,86
15/05/2019 10:21,0,25,-30,0.89,-1,34,101,87
15/05/2019 10:21,0,25,-29,0.89,-1,32,101,87
15/05/2019 10:21,0,25,-30,0.89,-1,33,101,87
15/05/2019 10:21,0,25,-29,0.89,-1,32,101,87
15/05/2019 10:22,0,25,-30,0.89,-1,33,101,87
15/05/2019 10:22,0,25,-30,0.89,-1,34,101,88
15/05/2019 10:22,0,25,-30,0.89,-1,33,101,86
15/05/2019 10:22,0,25,-33,0.89,-1,34,101,87
15/05/2019 10:22,0,25,-35,0.89,-1,33,101,87
15/05/2019 10:22,0,25,-38,0.89,-1,32,101,87
15/05/2019 10:23,0,24,-39,0.89,-1,32,101,87
15/05/2019 10:23,0,25,-39,0.89,-1,33,101,87
15/05/2019 10:23,0,25,-39,0.89,-1,33,101,87
15/05/2019 10:23,0,25,-39,0.89,-1,33,101,86
15/05/2019 10:23,0,25,-39,0.89,-1,33,101,87
15/05/2019 10:23,0,25,-40,0.89,-1,33,101,87
15/05/2019 10:24,0,25,-39,0.89,-1,32,101,87
15/05/2019 10:24,0,25,-39,0.89,-1,33,101,87
15/05/2019 10:24,0,25,-39,0.89,-1,34,101,87
15/05/2019 10:24,0,25,-40,0.89,-1,33,101,87
15/05/2019 10:24,0,25,-39,0.89,-1,33,100,87
15/05/2019 10:25,0,25,-38,0.89,-1,33,101,87
15/05/2019 10:25,0,25,-39,0.89,-1,33,102,87
15/05/2019 10:25,0,25,-38,0.89,-1,33,102,87
15/05/2019 10:25,0,26,-38,0.89,-1,33,101,86
15/05/2019 10:25,0,26,-38,0.89,-1,33,101,87
15/05/2019 10:25,0,25,-39,0.89,-1,33,101,86
15/05/2019 10:26,0,26,-38,0.89,-1,34,101,87
15/05/2019 10:26,0,26,-38,0.89,-1,33,101,87
15/05/2019 10:26,0,26,-38,0.89,-1,33,101,86
15/05/2019 10:26,0,26,-38,0.89,-1,33,101,86
15/05/2019 10:26,0,26,-38,0.89,-1,33,101,86
15/05/2019 10:26,0,26,-38,0.89,-1,33,101,86
15/05/2019 10:27,0,26,-38,0.89,-1,34,101,86
15/05/2019 10:27,0,26,-38,0.89,-1,34,101,85
15/05/2019 10:27,0,26,-38,0.89,-1,33,101,86
15/05/2019 10:27,0,26,-37,0.89,-1,33,101,86
15/05/2019 10:27,0,26,-38,0.89,-1,32,101,86
15/05/2019 10:27,0,26,-38,0.89,-1,33,101,86
15/05/2019 10:28,0,26,-38,0.89,-1,32,101,87
15/05/2019 10:28,0,26,-39,0.89,-1,31,101,86
15/05/2019 10:28,0,26,-38,0.89,-1,31,101,86
15/05/2019 10:28,0,26,-39,0.89,-1,32,101,87
15/05/2019 10:28,0,26,-39,0.89,-1,32,101,87
15/05/2019 10:28,0,26,-39,0.89,-1,31,101,86
15/05/2019 10:29,0,26,-39,0.89,-1,30,100,87
15/05/2019 10:29,0,26,-39,0.89,-1,32,101,86
15/05/2019 10:29,0,26,-38,0.89,-1,32,101,86
15/05/2019 10:29,0,26,-38,0.89,-1,32,102,86
15/05/2019 10:29,0,26,-39,0.89,-1,32,101,87
15/05/2019 10:29,31,27,-39,0.89,-1,32,100,86
15/05/2019 10:30,78,28,-38,0.89,-1,36,100,86
15/05/2019 10:30,44,28,-37,0.89,-1,36,100,86
15/05/2019 10:30,16,28,-36,0.89,-1,33,101,86
15/05/2019 10:30,39,31,-37,0.89,-1,31,101,85
15/05/2019 10:30,68,33,-37,0.89,-1,34,101,86
15/05/2019 10:30,84,33,-36,0.89,-1,29,102,86
15/05/2019 10:31,28,32,-36,0.89,-1,28,101,86
15/05/2019 10:31,50,33,-38,0.89,-1,25,101,86
15/05/2019 10:31,62,33,-39,0.89,-1,26,100,86
15/05/2019 10:31,56,33,-39,0.89,-1,24,101,86
15/05/2019 10:31,179,34,-38,0.89,-1,26,101,85
15/05/2019 10:31,78,34,-36,0.89,-1,29,102,85
15/05/2019 10:32,45,35,-37,0.89,-1,23,100,86
15/05/2019 10:32,41,35,-36,0.89,-1,23,101,85
15/05/2019 10:32,37,34,-36,0.89,-1,22,101,85
15/05/2019 10:32,171,37,-37,0.89,-1,22,101,85
15/05/2019 10:32,237,38,-35,0.89,-1,29,101,86
15/05/2019 10:32,206,40,-36,0.89,-1,26,101,85
15/05/2019 10:33,138,39,-34,0.89,-1,23,101,85
15/05/2019 10:33,84,38,-33,0.89,-1,19,101,85
15/05/2019 10:33,99,39,-34,0.89,-1,20,101,85
15/05/2019 10:33,110,40,-34,0.89,-1,19,101,86
15/05/2019 10:33,122,40,-34,0.89,-1,21,101,85
15/05/2019 10:33,130,40,-35,0.89,-1,22,101,85
15/05/2019 10:34,152,39,-33,0.89,-1,21,101,86
15/05/2019 10:34,143,42,-34,0.89,-1,22,101,86
15/05/2019 10:34,106,39,-36,0.89,-1,23,101,85
15/05/2019 10:34,95,39,-35,0.89,-1,17,101,85
15/05/2019 10:34,99,39,-34,0.89,-1,18,101,85
15/05/2019 10:34,68,39,-34,0.89,-1,18,102,86
15/05/2019 10:35,83,40,-33,0.89,-1,18,100,85
15/05/2019 10:35,80,38,-33,0.89,-1,18,101,85
15/05/2019 10:35,132,38,-33,0.89,-1,19,101,85
15/05/2019 10:35,148,39,-33,0.89,-1,20,101,85
15/05/2019 10:35,137,40,-34,0.89,-1,20,101,85
15/05/2019 10:35,92,41,-33,0.89,-1,21,102,85
15/05/2019 10:36,146,41,-33,0.89,-1,20,101,86
15/05/2019 10:36,113,40,-32,0.89,-1,18,101,85
15/05/2019 10:36,119,41,-32,0.89,-1,17,101,85
15/05/2019 10:36,75,41,-32,0.89,-1,18,101,86
15/05/2019 10:36,55,42,-32,0.89,-1,17,101,85
15/05/2019 10:36,55,42,-32,0.89,-1,18,101,85
15/05/2019 10:37,50,43,-30,0.89,-1,18,101,86
15/05/2019 10:37,85,42,-31,0.89,-1,17,100,85
15/05/2019 10:37,125,44,-30,0.89,-1,18,101,86
15/05/2019 10:37,204,46,-29,0.89,-1,19,101,86
15/05/2019 10:37,124,43,-28,0.89,-1,21,101,85
15/05/2019 10:38,71,43,-28,0.89,-1,16,101,85
15/05/2019 10:38,57,44,-28,0.89,-1,15,101,86
15/05/2019 10:38,50,44,-28,0.89,-1,16,101,85
15/05/2019 10:38,43,45,-28,0.89,-1,16,101,85
15/05/2019 10:38,39,45,-28,0.89,-1,16,101,85
15/05/2019 10:38,30,45,-28,0.89,-1,15,101,85
15/05/2019 10:39,25,45,-27,0.89,-1,15,101,86
15/05/2019 10:39,22,45,-27,0.89,-1,15,101,85
15/05/2019 10:39,18,45,-28,0.89,-1,15,101,85
15/05/2019 10:39,14,45,-29,0.89,-1,15,100,85
15/05/2019 10:39,12,43,-28,0.89,-1,16,101,85
15/05/2019 10:39,23,42,-28,0.89,-1,14,101,85
15/05/2019 10:40,16,40,-28,0.89,-1,15,100,86
15/05/2019 10:40,10,42,-27,0.89,-1,16,101,85
15/05/2019 10:40,22,40,-27,0.89,-1,16,101,86
15/05/2019 10:40,50,40,-27,0.89,-1,17,101,86
15/05/2019 10:40,71,42,-27,0.89,-1,18,101,85
15/05/2019 10:40,92,44,-25,0.89,-1,21,101,85
15/05/2019 10:41,111,44,-26,0.89,-1,21,101,85
15/05/2019 10:41,182,44,-25,0.89,-1,18,100,86
15/05/2019 10:41,229,45,-26,0.89,-1,19,101,85
15/05/2019 10:41,253,46,-24,0.89,-1,17,101,85
15/05/2019 10:41,174,44,-24,0.89,-1,20,101,85
15/05/2019 10:41,189,44,-26,0.89,-1,15,100,85
15/05/2019 10:42,244,43,-28,0.89,-1,16,101,85
15/05/2019 10:42,174,44,-24,0.89,-1,17,100,85
15/05/2019 10:42,254,45,-22,0.89,-1,16,101,85
15/05/2019 10:42,142,44,-22,0.89,-1,17,101,85
15/05/2019 10:42,104,42,-23,0.89,-1,16,100,85
15/05/2019 10:42,114,41,-21,0.89,-1,17,100,86
15/05/2019 10:43,70,43,-21,0.89,-1,18,101,85
15/05/2019 10:43,50,43,-22,0.89,-1,18,101,86
15/05/2019 10:43,43,43,-24,0.89,-1,17,101,85
15/05/2019 10:43,191,42,-24,0.89,-1,17,101,85
15/05/2019 10:43,285,41,-24,0.89,-1,19,101,86
15/05/2019 10:43,193,41,-25,0.89,-1,18,100,86
15/05/2019 10:44,149,40,-25,0.89,-1,17,101,85
15/05/2019 10:44,104,40,-23,0.89,-1,18,100,85
15/05/2019 10:44,93,41,-24,0.89,-1,18,101,85
15/05/2019 10:44,104,41,-24,0.89,-1,18,101,86
15/05/2019 10:44,69,41,-23,0.89,-1,16,101,86
15/05/2019 10:44,70,42,-24,0.89,-1,17,101,86
15/05/2019 10:45,110,43,-23,0.89,-1,16,101,85
15/05/2019 10:45,112,43,-22,0.89,-1,17,101,85
15/05/2019 10:45,129,43,-23,0.89,-1,17,101,85
15/05/2019 10:45,162,43,-23,0.89,-1,16,101,85
15/05/2019 10:45,146,42,-23,0.89,-1,17,101,85
15/05/2019 10:45,125,42,-23,0.89,-1,15,101,85
15/05/2019 10:46,122,42,-22,0.89,-1,15,101,86
15/05/2019 10:46,111,43,-23,0.89,-1,16,101,86
15/05/2019 10:46,140,43,-23,0.89,-1,16,101,85
15/05/2019 10:46,117,42,-23,0.89,-1,18,101,85
15/05/2019 10:46,88,42,-23,0.89,-1,16,101,85
15/05/2019 10:46,83,42,-23,0.89,-1,16,101,85
15/05/2019 10:47,87,38,-21,0.89,-1,16,101,85
15/05/2019 10:47,81,39,-22,0.89,-1,18,101,86
15/05/2019 10:47,58,39,-21,0.89,-1,19,101,86
15/05/2019 10:47,91,38,-23,0.89,-1,18,101,86
15/05/2019 10:47,83,36,-25,0.89,-1,20,100,85
15/05/2019 10:47,64,37,-23,0.89,-1,20,101,85
15/05/2019 10:48,70,39,-23,0.89,-1,20,101,85
15/05/2019 10:48,57,39,-22,0.89,-1,19,101,86
15/05/2019 10:48,53,38,-24,0.89,-1,17,101,85
15/05/2019 10:48,61,38,-22,0.89,-1,18,101,85
15/05/2019 10:48,66,37,-23,0.89,-1,19,101,85
15/05/2019 10:48,55,37,-23,0.89,-1,19,101,86
15/05/2019 10:49,43,37,-23,0.89,-1,19,102,85
15/05/2019 10:49,50,37,-24,0.89,-1,18,101,85
15/05/2019 10:49,125,38,-23,0.89,-1,19,101,85
15/05/2019 10:49,46,36,-24,0.89,-1,21,101,85
15/05/2019 10:49,11,36,-24,0.89,-1,21,101,85
15/05/2019 10:50,0,37,-24,0.89,-1,22,101,86
15/05/2019 10:50,0,37,-23,0.89,-1,22,101,85
15/05/2019 10:50,0,38,-24,0.89,-1,21,101,85
15/05/2019 10:50,0,36,-25,0.89,-1,21,101,85
15/05/2019 10:50,0,36,-25,0.89,-1,21,101,85
15/05/2019 10:50,0,35,-24,0.89,-1,21,101,86
15/05/2019 10:51,0,36,-24,0.89,-1,22,100,85
15/05/2019 10:51,0,36,-25,0.89,-1,23,101,85
15/05/2019 10:51,0,36,-23,0.89,-1,21,101,85
15/05/2019 10:51,0,35,-25,0.89,-1,21,101,85
15/05/2019 10:51,0,34,-24,0.89,-1,21,101,85
15/05/2019 10:51,0,33,-25,0.89,-1,21,101,85
15/05/2019 10:52,0,32,-24,0.89,-1,22,101,85
15/05/2019 10:52,0,32,-25,0.89,-1,23,101,86
15/05/2019 10:52,0,32,-25,0.89,-1,22,101,85
15/05/2019 10:52,0,32,-24,0.89,-1,21,101,85
15/05/2019 10:52,0,32,-24,0.89,-1,22,101,85
15/05/2019 10:52,0,32,-24,0.89,-1,22,102,85
15/05/2019 10:53,0,32,-24,0.89,-1,23,102,85
15/05/2019 10:53,0,32,-23,0.89,-1,24,100,85
15/05/2019 10:53,0,33,-23,0.89,-1,23,100,85
15/05/2019 10:53,0,33,-21,0.89,-1,23,101,85
15/05/2019 10:53,0,33,-18,0.89,-1,23,102,85
15/05/2019 10:53,0,33,-16,0.89,-1,23,101,85
15/05/2019 10:54,0,33,-14,0.89,-1,24,102,85
15/05/2019 10:54,0,33,-11,0.89,-1,24,101,85
15/05/2019 10:54,0,33,-9,0.89,-1,26,101,85
15/05/2019 10:54,0,33,-6,0.89,-1,23,101,85
15/05/2019 10:54,0,33,-4,0.89,-1,23,102,85
15/05/2019 10:54,0,33,0,0.89,-1,23,102,85
15/05/2019 10:55,0,33,0,0.89,-1,23,101,85
15/05/2019 10:55,0,33,0,0.89,-1,24,102,85
15/05/2019 10:55,0,32,0,0.89,-1,24,101,85
15/05/2019 10:55,0,31,0,0.89,-1,25,102,85
15/05/2019 10:55,0,31,-2,0.89,-1,24,101,84
15/05/2019 10:55,0,31,-2,0.89,-1,25,102,85
15/05/2019 10:56,0,32,-2,0.89,-1,24,101,85
15/05/2019 10:56,0,30,-2,0.89,-1,23,101,85
15/05/2019 10:56,0,31,-2,0.89,-1,24,102,85
15/05/2019 10:56,0,31,-4,0.89,-1,25,102,85
15/05/2019 10:56,0,31,-5,0.89,-1,24,101,85
15/05/2019 10:56,0,30,-4,0.89,-1,25,102,85
15/05/2019 10:57,0,31,-4,0.89,-1,26,101,85
15/05/2019 10:57,0,30,-4,0.89,-1,26,101,85
15/05/2019 10:57,0,30,-4,0.89,-1,27,102,85
15/05/2019 10:57,0,30,-6,0.89,-1,27,101,85
15/05/2019 10:57,0,29,-10,0.89,-1,25,101,85
15/05/2019 10:57,0,27,-11,0.89,-1,25,101,85
15/05/2019 10:58,0,26,-13,0.89,-1,24,101,85
15/05/2019 10:58,0,26,-14,0.89,-1,25,101,85
15/05/2019 10:58,0,26,-14,0.89,-1,26,101,84
15/05/2019 10:58,0,26,-16,0.89,-1,26,101,85
15/05/2019 10:58,0,28,-19,0.89,-1,26,101,85
15/05/2019 10:58,0,26,-22,0.89,-1,26,101,85
15/05/2019 10:59,0,27,-25,0.89,-1,24,101,85
15/05/2019 10:59,0,26,-29,0.89,-1,24,101,84
15/05/2019 10:59,0,25,-31,0.89,-1,24,101,85
15/05/2019 10:59,0,25,-34,0.89,-1,25,101,85
15/05/2019 10:59,0,26,-34,0.89,-1,26,101,85
15/05/2019 10:59,0,27,-33,0.89,-1,28,102,85
15/05/2019 11:00,0,27,-32,0.89,-1,28,100,85
15/05/2019 11:00,0,28,-32,0.89,-1,28,102,85
15/05/2019 11:00,0,28,-33,0.89,-1,28,102,84
15/05/2019 11:00,0,28,-33,0.89,-1,28,102,84
15/05/2019 11:00,0,28,-33,0.89,-1,28,102,85
15/05/2019 11:00,0,28,-32,0.89,-1,28,102,85
15/05/2019 11:01,0,29,-33,0.89,-1,28,102,85
15/05/2019 11:01,0,29,-32,0.89,-1,28,101,85
15/05/2019 11:01,0,29,-32,0.89,-1,28,102,85
15/05/2019 11:01,0,29,-32,0.89,-1,28,102,85
15/05/2019 11:01,0,29,-32,0.89,-1,28,102,85
15/05/2019 11:02,0,29,-31,0.89,-1,29,102,85
15/05/2019 11:02,0,29,-32,0.89,-1,26,102,85
15/05/2019 11:02,0,29,-31,0.89,-1,25,101,85
15/05/2019 11:02,0,29,-31,0.89,-1,25,102,85
15/05/2019 11:02,0,29,-32,0.89,-1,25,102,85
15/05/2019 11:02,0,29,-32,0.89,-1,26,101,84
15/05/2019 11:03,0,29,-32,0.89,-1,25,102,84
15/05/2019 11:03,0,30,-32,0.89,-1,25,100,85
15/05/2019 11:03,0,30,-33,0.89,-1,24,102,85
15/05/2019 11:03,0,30,-32,0.89,-1,24,102,85
15/05/2019 11:03,0,30,-31,0.89,-1,24,102,85
15/05/2019 11:03,0,30,-32,0.89,-1,24,102,84
15/05/2019 11:04,0,30,-32,0.89,-1,25,102,84
15/05/2019 11:04,0,30,-32,0.89,-1,26,102,85
15/05/2019 11:04,0,30,-31,0.89,-1,26,100,84
15/05/2019 11:04,0,30,-32,0.89,-1,26,100,84
15/05/2019 11:04,0,30,-32,0.89,-1,27,100,84
15/05/2019 11:04,0,30,-31,0.89,-1,26,101,84
15/05/2019 11:05,0,30,-31,0.89,-1,27,102,84
15/05/2019 11:05,0,30,-32,0.89,-1,26,100,84
15/05/2019 11:05,0,30,-32,0.89,-1,25,100,85
15/05/2019 11:05,0,30,-31,0.89,-1,25,100,84
15/05/2019 11:05,0,30,-31,0.89,-1,24,102,84
15/05/2019 11:05,0,30,-32,0.89,-1,23,102,85
15/05/2019 11:06,0,30,-32,0.89,-1,23,100,84
15/05/2019 11:06,0,30,-32,0.89,-1,23,102,85
15/05/2019 11:06,0,30,-32,0.89,-1,23,102,85
15/05/2019 11:06,0,31,-33,0.89,-1,22,102,84
15/05/2019 11:06,0,31,-32,0.89,-1,22,102,84
15/05/2019 11:06,0,31,-32,0.89,-1,22,100,85
15/05/2019 11:07,0,31,-33,0.89,-1,23,101,85
15/05/2019 11:07,0,30,-32,0.89,-1,23,100,84
15/05/2019 11:07,0,30,-32,0.89,-1,24,100,84
15/05/2019 11:07,0,30,-32,0.89,-1,23,102,84
15/05/2019 11:07,0,30,-32,0.89,-1,23,102,85
15/05/2019 11:07,0,30,-32,0.89,-1,23,101,85
15/05/2019 11:08,0,30,-32,0.89,-1,24,100,84
15/05/2019 11:08,0,30,-33,0.89,-1,24,102,84
15/05/2019 11:08,0,30,-32,0.89,-1,24,102,84
15/05/2019 11:08,0,30,-32,0.89,-1,24,101,84
15/05/2019 11:08,0,30,-33,0.89,-1,24,102,83
15/05/2019 11:08,0,30,-33,0.89,-1,23,101,84
15/05/2019 11:09,0,30,-33,0.89,-1,24,101,83
15/05/2019 11:09,0,29,-33,0.89,-1,23,101,84
15/05/2019 11:09,0,27,-33,0.89,-1,23,101,84
15/05/2019 11:09,0,28,-33,0.89,-1,23,102,84
15/05/2019 11:09,0,29,-33,0.89,-1,24,101,83
15/05/2019 11:09,0,29,-32,0.89,-1,24,101,83
15/05/2019 11:10,0,29,-32,0.89,-1,24,101,84
15/05/2019 11:10,0,29,-32,0.89,-1,24,102,85
15/05/2019 11:10,0,29,-32,0.89,-1,24,102,84
15/05/2019 11:10,0,29,-33,0.89,-1,23,101,84
15/05/2019 11:10,0,29,-32,0.89,-1,23,101,84
15/05/2019 11:10,0,29,-32,0.89,-1,23,101,84
15/05/2019 11:11,0,29,-33,0.89,-1,23,101,84
15/05/2019 11:11,0,29,-32,0.89,-1,23,101,84
15/05/2019 11:11,0,29,-31,0.89,-1,24,101,84
15/05/2019 11:11,0,29,-32,0.89,-1,24,102,84
15/05/2019 11:11,0,30,-32,0.89,-1,25,102,84
15/05/2019 11:11,0,30,-31,0.89,-1,25,102,84
15/05/2019 11:12,0,30,-31,0.89,-1,24,102,83
15/05/2019 11:12,0,30,-32,0.89,-1,24,101,84
15/05/2019 11:12,0,29,-33,0.89,-1,23,101,83
15/05/2019 11:12,0,29,-31,0.89,-1,23,101,83
15/05/2019 11:12,0,29,-31,0.89,-1,23,102,84
15/05/2019 11:12,0,29,-32,0.89,-1,24,101,84
15/05/2019 11:13,0,29,-32,0.89,-1,25,101,84
15/05/2019 11:13,0,29,-32,0.89,-1,24,101,83
15/05/2019 11:13,0,28,-31,0.89,-1,25,101,83
15/05/2019 11:13,0,29,-32,0.89,-1,25,101,83
15/05/2019 11:13,0,27,-31,0.89,-1,25,102,84
15/05/2019 11:13,0,28,-32,0.89,-1,25,102,83
15/05/2019 11:14,0,29,-32,0.89,-1,26,102,84
15/05/2019 11:14,0,29,-32,0.89,-1,26,102,84
15/05/2019 11:14,0,29,-31,0.89,-1,25,102,83
15/05/2019 11:14,0,29,-32,0.89,-1,25,102,84
15/05/2019 11:14,0,29,-32,0.89,-1,24,102,84
15/05/2019 11:15,0,29,-32,0.89,-1,24,102,83
15/05/2019 11:15,0,29,-32,0.89,-1,24,102,83
15/05/2019 11:15,0,29,-33,0.89,-1,25,100,84
15/05/2019 11:15,0,30,-31,0.89,-1,25,102,83
15/05/2019 11:15,0,30,-32,0.89,-1,24,102,83
15/05/2019 11:15,0,30,-31,0.89,-1,24,102,82
15/05/2019 11:16,0,30,-32,0.89,-1,24,100,83
15/05/2019 11:16,0,30,-32,0.89,-1,23,101,83
15/05/2019 11:16,0,30,-32,0.89,-1,23,102,83
15/05/2019 11:16,0,30,-31,0.89,-1,23,102,84
15/05/2019 11:16,0,30,-31,0.89,-1,23,101,82
15/05/2019 11:16,0,30,-31,0.89,-1,23,102,84
15/05/2019 11:17,0,30,-32,0.89,-1,24,102,83
15/05/2019 11:17,0,30,-31,0.89,-1,24,102,83
15/05/2019 11:17,0,30,-31,0.89,-1,23,102,83
15/05/2019 11:17,0,30,-32,0.89,-1,23,101,83
15/05/2019 11:17,0,30,-32,0.89,-1,24,102,83
15/05/2019 11:17,0,30,-32,0.89,-1,24,101,83
15/05/2019 11:18,0,30,-32,0.89,-1,24,100,83
15/05/2019 11:18,0,30,-32,0.89,-1,24,102,84
15/05/2019 11:18,0,30,-32,0.89,-1,23,100,83
15/05/2019 11:18,0,30,-32,0.89,-1,23,100,83
15/05/2019 11:18,0,30,-32,0.89,-1,24,100,83
15/05/2019 11:18,0,30,-31,0.89,-1,23,102,83
15/05/2019 11:19,0,30,-31,0.89,-1,24,102,83
15/05/2019 11:19,0,30,-32,0.89,-1,24,100,83
15/05/2019 11:19,0,30,-31,0.89,-1,23,102,83
15/05/2019 11:19,0,30,-32,0.89,-1,23,101,83
15/05/2019 11:19,0,29,-31,0.89,-1,23,102,82
15/05/2019 11:19,0,30,-31,0.89,-1,23,102,83
15/05/2019 11:20,0,30,-32,0.89,-1,24,102,83
15/05/2019 11:20,0,30,-31,0.89,-1,24,102,83
15/05/2019 11:20,0,30,-32,0.89,-1,24,101,84
15/05/2019 11:20,0,30,-31,0.89,-1,24,101,84
15/05/2019 11:20,0,30,-31,0.89,-1,23,102,83
15/05/2019 11:20,0,30,-32,0.89,-1,24,102,83
15/05/2019 11:21,0,30,-32,0.89,-1,24,100,83
15/05/2019 11:21,0,30,-31,0.89,-1,24,101,83
15/05/2019 11:21,0,29,-31,0.89,-1,23,100,82
15/05/2019 11:21,0,29,-31,0.89,-1,24,101,83
15/05/2019 11:21,0,29,-32,0.89,-1,25,101,83
15/05/2019 11:21,0,29,-32,0.89,-1,25,101,83
15/05/2019 11:22,0,30,-32,0.89,-1,25,100,83
15/05/2019 11:22,0,30,-30,0.89,-1,24,100,82
15/05/2019 11:22,0,30,-31,0.89,-1,26,101,83
15/05/2019 11:22,97,30,-30,0.89,-1,25,101,83
15/05/2019 11:22,285,31,-29,0.89,-1,30,100,83
15/05/2019 11:22,285,34,-26,0.89,-1,40,100,82
15/05/2019 11:23,285,33,-25,0.89,-1,35,100,83
15/05/2019 11:23,190,33,-25,0.89,-1,26,101,82
15/05/2019 11:23,193,41,-26,0.89,-1,24,100,82
15/05/2019 11:23,72,37,-26,0.89,-1,21,100,83
15/05/2019 11:23,33,35,-26,0.89,-1,18,101,83
15/05/2019 11:23,104,37,-25,0.89,-1,18,100,82
15/05/2019 11:24,189,50,-25,0.89,-1,22,101,81
15/05/2019 11:24,285,46,-25,0.89,-1,20,100,82
15/05/2019 11:24,285,44,-25,0.89,-1,22,100,82
15/05/2019 11:24,136,40,-22,0.89,-1,20,101,82
15/05/2019 11:24,71,40,-21,0.89,-1,16,101,82
15/05/2019 11:24,52,39,-22,0.89,-1,16,101,82
15/05/2019 11:25,231,45,-21,0.89,-1,17,101,82
15/05/2019 11:25,282,43,-22,0.89,-1,40,100,82
15/05/2019 11:25,204,42,-22,0.89,-1,18,101,83
15/05/2019 11:25,285,43,-21,0.89,-1,17,100,82
15/05/2019 11:25,285,43,-18,0.89,-1,27,101,82
15/05/2019 11:25,285,43,-18,0.89,-1,24,101,82
15/05/2019 11:26,285,42,-17,0.89,-1,18,101,83
15/05/2019 11:26,285,41,-16,0.89,-1,16,101,82
15/05/2019 11:26,212,39,-19,0.89,-1,15,101,82
15/05/2019 11:26,118,38,-18,0.89,-1,17,101,82
15/05/2019 11:26,80,40,-18,0.89,-1,17,101,81
15/05/2019 11:27,142,42,-20,0.89,-1,18,101,82
15/05/2019 11:27,114,40,-18,0.89,-1,26,101,82
15/05/2019 11:27,77,38,-18,0.89,-1,17,101,82
15/05/2019 11:27,75,39,-18,0.89,-1,16,101,82
15/05/2019 11:27,65,37,-17,0.89,-1,18,101,81
15/05/2019 11:27,285,43,-17,0.89,-1,18,101,82
15/05/2019 11:28,285,39,-17,0.89,-1,23,101,82
15/05/2019 11:28,195,39,-18,0.89,-1,16,101,83
15/05/2019 11:28,214,40,-16,0.89,-1,16,101,82
15/05/2019 11:28,241,39,-16,0.89,-1,18,101,82
15/05/2019 11:28,204,40,-14,0.89,-1,19,101,82
15/05/2019 11:28,208,39,-14,0.89,-1,18,101,82
15/05/2019 11:29,159,39,-15,0.89,-1,17,101,82
15/05/2019 11:29,204,39,-13,0.89,-1,18,101,83
15/05/2019 11:29,247,44,-15,0.89,-1,18,101,82
15/05/2019 11:29,216,45,-12,0.89,-1,23,101,82
15/05/2019 11:29,130,44,-11,0.89,-1,13,101,82
15/05/2019 11:29,285,45,-13,0.89,-1,14,101,82
15/05/2019 11:30,273,42,-11,0.89,-1,19,101,82
15/05/2019 11:30,285,42,-13,0.89,-1,16,100,82
15/05/2019 11:30,228,42,-12,0.89,-1,16,101,82
15/05/2019 11:30,170,41,-10,0.89,-1,15,101,82
15/05/2019 11:30,161,42,-9,0.89,-1,16,100,82
15/05/2019 11:30,273,43,-10,0.89,-1,17,101,82
15/05/2019 11:31,209,39,-12,0.89,-1,20,101,82
15/05/2019 11:31,182,37,-10,0.89,-1,16,101,82
15/05/2019 11:31,148,38,-9,0.89,-1,18,101,82
15/05/2019 11:31,167,39,-6,0.89,-1,18,101,82
15/05/2019 11:31,127,37,-6,0.89,-1,18,101,82
15/05/2019 11:31,104,34,-6,0.89,-1,16,101,82
15/05/2019 11:32,91,33,-8,0.89,-1,17,101,82
15/05/2019 11:32,151,34,-7,0.89,-1,19,101,82
15/05/2019 11:32,178,33,-6,0.89,-1,20,101,82
15/05/2019 11:32,224,34,-5,0.89,-1,20,101,82
15/05/2019 11:32,224,35,-4,0.89,-1,20,101,82
15/05/2019 11:32,234,35,-6,0.89,-1,20,101,82
15/05/2019 11:33,208,34,-6,0.89,-1,21,101,82
15/05/2019 11:33,188,34,-5,0.89,-1,19,101,81
15/05/2019 11:33,262,34,-6,0.89,-1,19,101,82
15/05/2019 11:33,199,32,-6,0.89,-1,21,101,82
15/05/2019 11:33,211,31,-6,0.89,-1,20,101,82
15/05/2019 11:33,197,33,-4,0.89,-1,21,101,82
15/05/2019 11:34,224,34,-6,0.89,-1,21,101,82
15/05/2019 11:34,177,34,-7,0.89,-1,21,101,82
15/05/2019 11:34,264,34,-4,0.89,-1,19,101,82
15/05/2019 11:34,285,36,-6,0.89,-1,21,101,82
15/05/2019 11:34,218,34,-7,0.89,-1,23,101,82
15/05/2019 11:34,74,33,-4,0.89,-1,19,101,82
15/05/2019 11:35,21,32,-7,0.89,-1,18,101,82
15/05/2019 11:35,0,32,-8,0.89,-1,20,101,82
15/05/2019 11:35,0,32,-7,0.89,-1,20,101,82
15/05/2019 11:35,0,33,-7,0.89,-1,21,101,82
15/05/2019 11:35,0,33,-7,0.89,-1,21,101,82
15/05/2019 11:35,0,32,-7,0.89,-1,20,101,82
15/05/2019 11:36,0,33,-7,0.89,-1,19,101,82
15/05/2019 11:36,0,33,-7,0.89,-1,19,101,82
15/05/2019 11:36,0,34,-8,0.89,-1,20,100,81
15/05/2019 11:36,0,34,-7,0.89,-1,19,100,81
15/05/2019 11:36,0,33,-7,0.89,-1,20,102,82
15/05/2019 11:36,0,32,-5,0.89,-1,20,101,82
15/05/2019 11:37,0,32,-5,0.89,-1,20,102,81
15/05/2019 11:37,0,33,-4,0.89,-1,21,100,82
15/05/2019 11:37,0,33,-4,0.89,-1,21,102,82
15/05/2019 11:37,0,33,-2,0.89,-1,21,101,81
15/05/2019 11:37,0,30,-5,0.89,-1,21,101,81
15/05/2019 11:37,0,29,-3,0.89,-1,22,101,81
15/05/2019 11:38,0,29,-5,0.89,-1,23,100,82
15/05/2019 11:38,0,28,-4,0.89,-1,22,101,82
15/05/2019 11:38,0,29,-3,0.89,-1,21,100,81
15/05/2019 11:38,0,29,-4,0.89,-1,23,100,81
15/05/2019 11:38,0,29,-4,0.89,-1,25,102,81
15/05/2019 11:38,0,29,-5,0.89,-1,23,102,82
15/05/2019 11:39,0,29,-5,0.89,-1,23,102,82
15/05/2019 11:39,0,30,-4,0.89,-1,23,102,81
15/05/2019 11:39,0,30,-4,0.89,-1,22,102,81
15/05/2019 11:39,0,31,-5,0.89,-1,22,102,82
15/05/2019 11:39,0,31,-5,0.89,-1,22,102,82
15/05/2019 11:40,0,31,-4,0.89,-1,21,102,81
15/05/2019 11:40,0,31,-4,0.89,-1,21,102,81
15/05/2019 11:40,0,31,-4,0.89,-1,21,102,81
15/05/2019 11:40,0,31,-5,0.89,-1,22,102,81
15/05/2019 11:40,0,31,-5,0.89,-1,21,102,82
15/05/2019 11:40,0,31,-5,0.89,-1,21,102,81
15/05/2019 11:41,0,31,-5,0.89,-1,20,102,82
15/05/2019 11:41,0,31,-6,0.89,-1,20,100,82
15/05/2019 11:41,0,31,-5,0.89,-1,20,102,82
15/05/2019 11:41,0,31,-5,0.89,-1,21,102,81
15/05/2019 11:41,0,31,-5,0.89,-1,21,102,81
15/05/2019 11:41,0,31,-5,0.89,-1,21,102,81
15/05/2019 11:42,0,31,-4,0.89,-1,22,102,81
15/05/2019 11:42,0,31,-5,0.89,-1,21,102,81
15/05/2019 11:42,0,31,-5,0.89,-1,22,102,81
15/05/2019 11:42,0,31,-6,0.89,-1,22,102,81
15/05/2019 11:42,0,31,-5,0.89,-1,22,102,81
15/05/2019 11:42,0,31,-5,0.89,-1,22,102,82
15/05/2019 11:43,0,31,-5,0.89,-1,21,102,80
15/05/2019 11:43,0,31,-4,0.89,-1,22,102,81
15/05/2019 11:43,0,31,-4,0.89,-1,21,102,80
15/05/2019 11:43,0,31,-5,0.89,-1,21,102,81
15/05/2019 11:43,0,31,-5,0.89,-1,21,102,81
15/05/2019 11:43,0,31,-5,0.89,-1,21,102,81
15/05/2019 11:44,0,32,-5,0.89,-1,21,102,81
15/05/2019 11:44,0,32,-5,0.89,-1,22,102,81
15/05/2019 11:44,0,32,-4,0.89,-1,23,102,81
15/05/2019 11:44,0,32,-4,0.89,-1,23,102,81
15/05/2019 11:44,0,32,-5,0.89,-1,23,102,81
15/05/2019 11:44,0,32,-5,0.89,-1,22,102,80
15/05/2019 11:45,0,32,-5,0.89,-1,22,102,80
15/05/2019 11:45,0,32,-4,0.89,-1,22,102,81
15/05/2019 11:45,0,31,-5,0.89,-1,22,102,81
15/05/2019 11:45,0,31,-4,0.89,-1,22,102,81
15/05/2019 11:45,0,31,-4,0.89,-1,21,102,81
15/05/2019 11:45,0,31,-5,0.89,-1,22,102,80
15/05/2019 11:46,0,31,-5,0.89,-1,21,102,81
15/05/2019 11:46,0,31,-5,0.89,-1,22,100,81
15/05/2019 11:46,0,31,-2,0.89,-1,21,102,81
15/05/2019 11:46,0,31,-4,0.89,-1,21,102,80
15/05/2019 11:46,0,31,-3,0.89,-1,21,102,81
15/05/2019 11:46,0,31,-4,0.89,-1,21,101,81
15/05/2019 11:47,0,31,-3,0.89,-1,21,102,81
15/05/2019 11:47,0,31,-3,0.89,-1,22,102,80
15/05/2019 11:47,0,30,-5,0.89,-1,22,101,81
15/05/2019 11:47,0,29,-7,0.89,-1,22,101,81
15/05/2019 11:47,0,29,-7,0.89,-1,23,101,81
15/05/2019 11:47,0,29,-6,0.89,-1,24,102,81
15/05/2019 11:48,0,30,-7,0.89,-1,24,101,80
15/05/2019 11:48,0,28,-9,0.89,-1,22,101,81
15/05/2019 11:48,0,28,-13,0.89,-1,23,101,81
15/05/2019 11:48,0,29,-16,0.89,-1,25,101,80
15/05/2019 11:48,0,29,-19,0.89,-1,24,101,80
15/05/2019 11:48,0,29,-22,0.89,-1,23,101,80
15/05/2019 11:49,0,29,-26,0.89,-1,23,101,81
15/05/2019 11:49,0,27,-26,0.89,-1,22,101,81
15/05/2019 11:49,0,27,-28,0.89,-1,21,101,81
15/05/2019 11:49,0,27,-27,0.89,-1,22,102,81
15/05/2019 11:49,0,28,-27,0.89,-1,22,101,81
15/05/2019 11:49,0,29,-27,0.89,-1,23,100,80
15/05/2019 11:50,0,28,-30,0.89,-1,23,101,81
15/05/2019 11:50,0,27,-28,0.89,-1,23,101,80
15/05/2019 11:50,0,26,-28,0.89,-1,23,101,80
15/05/2019 11:50,0,25,-29,0.89,-1,24,101,80
15/05/2019 11:50,0,25,-28,0.89,-1,24,101,80
15/05/2019 11:50,0,25,-28,0.89,-1,26,101,79
15/05/2019 11:51,0,25,-28,0.89,-1,27,101,80
15/05/2019 11:51,0,25,-28,0.89,-1,27,101,79
15/05/2019 11:51,0,25,-28,0.89,-1,26,101,80
15/05/2019 11:51,0,25,-28,0.89,-1,26,101,81
15/05/2019 11:51,0,26,-28,0.89,-1,26,102,80
15/05/2019 11:52,0,27,-29,0.89,-1,26,101,80
15/05/2019 11:52,0,28,-30,0.89,-1,25,102,80
15/05/2019 11:52,0,28,-28,0.89,-1,26,102,80
15/05/2019 11:52,0,29,-29,0.89,-1,26,101,79
15/05/2019 11:52,0,28,-30,0.89,-1,25,100,80
15/05/2019 11:52,0,29,-28,0.89,-1,24,102,80
15/05/2019 11:53,0,29,-29,0.89,-1,25,102,80
15/05/2019 11:53,0,29,-28,0.89,-1,24,102,80
15/05/2019 11:53,0,30,-30,0.89,-1,24,100,80
15/05/2019 11:53,12,30,-30,0.89,-1,23,46,80
15/05/2019 11:53,19,30,-27,0.89,-1,23,102,80
15/05/2019 11:53,24,30,-27,0.89,-1,23,102,80
15/05/2019 11:54,29,30,-28,0.89,-1,24,100,80
15/05/2019 11:54,27,30,-27,0.89,-1,24,102,80
15/05/2019 11:54,31,31,-27,0.89,-1,22,102,80
15/05/2019 11:54,29,31,-27,0.89,-1,23,102,79
15/05/2019 11:54,26,31,-27,0.89,-1,21,102,80
15/05/2019 11:54,29,32,-27,0.89,-1,21,102,80
15/05/2019 11:55,30,32,-25,0.89,-1,21,100,79
15/05/2019 11:55,30,32,-24,0.89,-1,22,100,80
15/05/2019 11:55,137,32,-23,0.89,-1,21,100,80
15/05/2019 11:55,83,32,-22,0.89,-1,22,102,80
15/05/2019 11:55,69,33,-23,0.89,-1,21,101,80
15/05/2019 11:55,57,33,-24,0.89,-1,23,101,79
15/05/2019 11:56,40,33,-24,0.89,-1,23,102,80
15/05/2019 11:56,37,34,-22,0.89,-1,20,101,80
15/05/2019 11:56,35,35,-24,0.89,-1,20,100,79
15/05/2019 11:56,37,35,-24,0.89,-1,19,102,79
15/05/2019 11:56,45,36,-24,0.89,-1,20,102,79
15/05/2019 11:56,59,36,-24,0.89,-1,20,102,80
15/05/2019 11:57,69,37,-24,0.89,-1,19,101,80
15/05/2019 11:57,78,37,-24,0.89,-1,18,101,80
15/05/2019 11:57,90,36,-23,0.89,-1,18,102,79
15/05/2019 11:57,94,37,-21,0.89,-1,18,101,80
15/05/2019 11:57,91,38,-21,0.89,-1,17,101,79
15/05/2019 11:57,91,38,-19,0.89,-1,17,102,80
15/05/2019 11:58,93,37,-18,0.89,-1,17,100,80
15/05/2019 11:58,82,37,-18,0.89,-1,16,102,80
15/05/2019 11:58,73,37,-17,0.89,-1,16,101,79
15/05/2019 11:58,62,37,-17,0.89,-1,16,101,80
15/05/2019 11:58,49,37,-15,0.89,-1,16,102,80
15/05/2019 11:58,36,37,-17,0.89,-1,16,102,79
15/05/2019 11:59,23,38,-15,0.89,-1,16,101,80
15/05/2019 11:59,0,38,-16,0.89,-1,16,102,80
15/05/2019 11:59,0,39,-14,0.89,-1,16,100,80
15/05/2019 11:59,0,40,-14,0.89,-1,17,101,80
15/05/2019 11:59,0,40,-14,0.89,-1,17,100,79
15/05/2019 11:59,0,40,-12,0.89,-1,16,102,80
15/05/2019 12:00,0,40,-13,0.89,-1,16,102,79
15/05/2019 12:00,0,40,-13,0.89,-1,15,102,80
15/05/2019 12:00,0,41,-15,0.89,-1,15,102,79
15/05/2019 12:00,0,42,-13,0.89,-1,15,101,79
15/05/2019 12:00,0,42,-12,0.89,-1,15,102,80
15/05/2019 12:00,18,41,-14,0.89,-1,14,100,78
15/05/2019 12:01,30,41,-13,0.89,-1,14,101,80
15/05/2019 12:01,35,42,-16,0.89,-1,14,102,79
15/05/2019 12:01,41,42,-16,0.89,-1,14,102,79
15/05/2019 12:01,32,41,-18,0.89,-1,15,102,79
15/05/2019 12:01,24,41,-18,0.89,-1,14,101,79
15/05/2019 12:01,17,42,-19,0.89,-1,15,102,79
15/05/2019 12:02,0,41,-19,0.89,-1,15,101,80
15/05/2019 12:02,0,41,-23,0.89,-1,15,101,80
15/05/2019 12:02,0,41,-23,0.89,-1,15,102,79
15/05/2019 12:02,0,41,-24,0.89,-1,15,102,79
15/05/2019 12:02,0,41,-24,0.89,-1,15,102,79
15/05/2019 12:02,0,40,-25,0.89,-1,16,101,80
15/05/2019 12:03,0,40,-25,0.89,-1,16,101,79
15/05/2019 12:03,0,40,-25,0.89,-1,16,102,80
15/05/2019 12:03,0,40,-25,0.89,-1,17,102,79
15/05/2019 12:03,0,39,-25,0.89,-1,16,102,79
15/05/2019 12:03,0,39,-27,0.89,-1,16,101,79
15/05/2019 12:03,0,39,-30,0.89,-1,16,101,79
15/05/2019 12:04,0,39,-31,0.89,-1,16,102,80
15/05/2019 12:04,0,39,-32,0.89,-1,16,101,80
15/05/2019 12:04,0,39,-34,0.89,-1,16,102,79
15/05/2019 12:04,0,39,-34,0.89,-1,16,102,79
15/05/2019 12:04,0,39,-35,0.89,-1,15,102,79
15/05/2019 12:05,0,38,-37,0.89,-1,15,102,79
15/05/2019 12:05,0,38,-36,0.89,-1,16,102,79
15/05/2019 12:05,0,38,-35,0.89,-1,16,102,79
15/05/2019 12:05,0,38,-38,0.89,-1,16,101,80
15/05/2019 12:05,0,38,-37,0.89,-1,16,101,79
15/05/2019 12:05,0,38,-35,0.89,-1,16,102,79
15/05/2019 12:06,0,39,-37,0.89,-1,16,101,79
15/05/2019 12:06,0,39,-37,0.89,-1,15,101,80
15/05/2019 12:06,23,39,-35,0.89,-1,15,102,80
15/05/2019 12:06,38,40,-36,0.89,-1,15,102,79
15/05/2019 12:06,49,40,-36,0.89,-1,16,102,79
15/05/2019 12:06,60,40,-36,0.89,-1,15,102,79
15/05/2019 12:07,64,40,-36,0.89,-1,15,102,79
15/05/2019 12:07,66,40,-35,0.89,-1,15,100,79
15/05/2019 12:07,62,39,-34,0.89,-1,15,100,79
15/05/2019 12:07,57,39,-32,0.89,-1,14,102,79
15/05/2019 12:07,49,39,-31,0.89,-1,14,102,78
15/05/2019 12:07,35,39,-29,0.89,-1,14,101,80
15/05/2019 12:08,15,39,-27,0.89,-1,15,100,79
15/05/2019 12:08,0,38,-25,0.89,-1,15,100,79
15/05/2019 12:08,0,37,-22,0.89,-1,16,101,80
15/05/2019 12:08,0,37,-20,0.89,-1,16,101,79
15/05/2019 12:08,0,36,-18,0.89,-1,16,101,80
15/05/2019 12:08,0,36,-17,0.89,-1,17,101,79
15/05/2019 12:09,0,36,-14,0.89,-1,17,101,79
15/05/2019 12:09,0,35,-11,0.89,-1,18,101,79
15/05/2019 12:09,0,35,-10,0.89,-1,17,101,80
15/05/2019 12:09,0,35,-7,0.89,-1,18,101,79
15/05/2019 12:09,0,34,-5,0.89,-1,17,101,79
15/05/2019 12:09,0,33,-6,0.89,-1,17,101,79
15/05/2019 12:10,0,33,-3,0.89,-1,17,102,78
15/05/2019 12:10,0,33,-2,0.89,-1,17,102,79
15/05/2019 12:10,0,33,-2,0.89,-1,18,101,79
15/05/2019 12:10,0,33,-2,0.89,-1,19,101,79
15/05/2019 12:10,0,32,-2,0.89,-1,18,101,79
15/05/2019 12:10,0,32,0,0.89,-1,18,101,80
15/05/2019 12:11,0,33,0,0.89,-1,18,101,78
15/05/2019 12:11,0,32,0,0.89,-1,19,101,79
15/05/2019 12:11,0,31,0,0.89,-1,19,101,79
15/05/2019 12:11,0,30,-2,0.89,-1,20,101,78
15/05/2019 12:11,0,30,0,0.89,-1,20,101,78
15/05/2019 12:11,0,30,0,0.89,-1,22,101,79
15/05/2019 12:12,0,30,0,0.89,-1,21,101,79
15/05/2019 12:12,0,30,0,0.89,-1,21,101,79
15/05/2019 12:12,0,29,0,0.89,-1,20,101,78
15/05/2019 12:12,0,28,0,0.89,-1,19,101,78
15/05/2019 12:12,0,29,0,0.89,-1,20,101,79
15/05/2019 12:12,0,30,0,0.89,-1,21,101,79
15/05/2019 12:13,0,29,0,0.89,-1,22,101,78
15/05/2019 12:13,0,28,0,0.89,-1,22,101,79
15/05/2019 12:13,0,28,1,0.89,-1,22,101,79
15/05/2019 12:13,0,29,2,0.89,-1,23,101,79
15/05/2019 12:13,0,28,3,0.89,-1,24,102,78
15/05/2019 12:13,0,28,2,0.89,-1,24,100,78
15/05/2019 12:14,0,28,1,0.89,-1,24,76,77
15/05/2019 12:14,0,29,0,0.89,-1,23,11,79
15/05/2019 12:14,0,29,0,0.89,-1,23,6,78
15/05/2019 12:14,0,29,0,0.89,-1,23,3,78
15/05/2019 12:14,0,30,0,0.89,-1,24,5,78
15/05/2019 12:14,0,30,1,0.89,-1,24,14,78
15/05/2019 12:15,0,29,1,0.89,-1,23,99,78
15/05/2019 12:15,0,29,3,0.89,-1,23,101,78
15/05/2019 12:15,0,28,3,0.89,-1,24,101,78
15/05/2019 12:15,0,28,1,0.89,-1,25,101,78
15/05/2019 12:15,0,29,3,0.89,-1,26,100,78
15/05/2019 12:15,0,29,0,0.89,-1,25,101,78
15/05/2019 12:16,0,27,3,0.89,-1,24,101,78
15/05/2019 12:16,0,28,3,0.89,-1,25,101,78
15/05/2019 12:16,0,28,2,0.89,-1,26,101,79
15/05/2019 12:16,0,28,3,0.89,-1,26,101,77
15/05/2019 12:16,0,28,2,0.89,-1,26,101,78
15/05/2019 12:17,0,28,3,0.89,-1,26,101,78
15/05/2019 12:17,0,28,2,0.89,-1,27,101,78
15/05/2019 12:17,0,28,3,0.89,-1,27,101,78
15/05/2019 12:17,0,28,4,0.89,-1,28,101,77
15/05/2019 12:17,0,28,3,0.89,-1,26,101,78
15/05/2019 12:17,0,28,3,0.89,-1,27,101,78
15/05/2019 12:18,0,28,2,0.89,-1,27,101,78
15/05/2019 12:18,0,28,2,0.89,-1,28,101,78
15/05/2019 12:18,0,28,2,0.89,-1,28,101,79
15/05/2019 12:18,0,29,2,0.89,-1,28,101,78
15/05/2019 12:18,0,29,2,0.89,-1,29,101,78
15/05/2019 12:18,0,29,2,0.89,-1,29,101,77
15/05/2019 12:19,0,29,3,0.89,-1,29,102,78
15/05/2019 12:19,0,28,2,0.89,-1,27,102,77
15/05/2019 12:19,0,28,3,0.89,-1,28,102,78
15/05/2019 12:19,0,29,3,0.89,-1,27,102,78
15/05/2019 12:19,0,29,3,0.89,-1,27,102,79
15/05/2019 12:19,0,28,3,0.89,-1,27,102,77
15/05/2019 12:20,0,29,3,0.89,-1,27,102,77
15/05/2019 12:20,0,29,4,0.89,-1,28,102,77
15/05/2019 12:20,0,28,4,0.89,-1,27,101,79
15/05/2019 12:20,0,28,2,0.89,-1,25,101,78
15/05/2019 12:20,0,27,3,0.89,-1,24,101,78
15/05/2019 12:20,0,28,3,0.89,-1,26,101,77
15/05/2019 12:21,0,28,3,0.89,-1,27,101,78
15/05/2019 12:21,0,29,3,0.89,-1,28,101,78
15/05/2019 12:21,0,29,3,0.89,-1,28,102,78
15/05/2019 12:21,0,29,3,0.89,-1,28,101,77
15/05/2019 12:21,0,28,3,0.89,-1,28,102,78
15/05/2019 12:21,0,28,3,0.89,-1,26,102,77
15/05/2019 12:22,0,28,3,0.89,-1,26,102,77
15/05/2019 12:22,0,28,1,0.89,-1,26,102,78
15/05/2019 12:22,0,28,0,0.89,-1,26,102,78
15/05/2019 12:22,0,28,0,0.89,-1,26,102,77
15/05/2019 12:22,20,28,0,0.89,-1,27,102,77
15/05/2019 12:22,76,29,0,0.89,-1,27,102,77
15/05/2019 12:23,81,29,0,0.89,-1,26,102,78
15/05/2019 12:23,41,29,-2,0.89,-1,24,102,77
15/05/2019 12:23,11,29,-2,0.89,-1,23,102,77
15/05/2019 12:23,0,29,-3,0.89,-1,23,102,78
15/05/2019 12:23,0,28,-4,0.89,-1,23,102,77
15/05/2019 12:23,0,28,-5,0.89,-1,24,102,77
15/05/2019 12:24,0,28,-5,0.89,-1,25,102,77
15/05/2019 12:24,0,28,-7,0.89,-1,25,102,77
15/05/2019 12:24,0,28,-6,0.89,-1,26,101,77
15/05/2019 12:24,0,27,-7,0.89,-1,25,101,77
15/05/2019 12:24,0,27,-6,0.89,-1,25,101,77
15/05/2019 12:24,0,27,-8,0.89,-1,26,101,79
15/05/2019 12:25,0,26,-8,0.89,-1,26,101,77
15/05/2019 12:25,0,25,-8,0.89,-1,26,101,77
15/05/2019 12:25,0,25,-7,0.89,-1,27,101,77
15/05/2019 12:25,0,25,-6,0.89,-1,27,101,78
15/05/2019 12:25,0,24,-8,0.89,-1,29,101,77
15/05/2019 12:25,0,24,-7,0.89,-1,30,101,77
15/05/2019 12:26,0,24,-7,0.89,-1,30,101,77
15/05/2019 12:26,0,24,-7,0.89,-1,30,101,77
15/05/2019 12:26,0,24,-8,0.89,-1,28,101,77
15/05/2019 12:26,0,24,-7,0.89,-1,28,101,77
15/05/2019 12:26,0,24,-7,0.89,-1,28,101,77
15/05/2019 12:26,0,25,-7,0.89,-1,28,101,77
15/05/2019 12:27,0,24,-7,0.89,-1,29,101,77
15/05/2019 12:27,0,24,-8,0.89,-1,29,102,77
15/05/2019 12:27,0,24,-7,0.89,-1,31,101,77
15/05/2019 12:27,0,24,-7,0.89,-1,31,101,77
15/05/2019 12:27,0,24,-8,0.89,-1,29,101,77
15/05/2019 12:27,0,24,-7,0.89,-1,30,102,77
15/05/2019 12:28,0,24,-8,0.89,-1,29,101,77
15/05/2019 12:28,0,23,-7,0.89,-1,29,101,77
15/05/2019 12:28,0,24,-7,0.89,-1,29,102,77
15/05/2019 12:28,0,24,-7,0.89,-1,29,101,77
15/05/2019 12:28,0,24,-7,0.89,-1,29,101,77
15/05/2019 12:28,0,24,-6,0.89,-1,29,102,77
15/05/2019 12:29,0,23,-8,0.89,-1,29,101,77
15/05/2019 12:29,0,24,-8,0.89,-1,28,101,77
15/05/2019 12:29,0,24,-7,0.89,-1,29,102,77
15/05/2019 12:29,0,24,-7,0.89,-1,29,102,77
15/05/2019 12:29,0,24,-7,0.89,-1,30,101,77
15/05/2019 12:30,0,24,-6,0.89,-1,28,101,77
15/05/2019 12:30,0,24,-6,0.89,-1,28,102,77
15/05/2019 12:30,0,25,-7,0.89,-1,28,102,77
15/05/2019 12:30,0,25,-7,0.89,-1,27,101,77
15/05/2019 12:30,0,25,-6,0.89,-1,28,102,77
15/05/2019 12:30,0,25,-7,0.89,-1,29,101,77
15/05/2019 12:31,0,25,-12,0.89,-1,30,101,77
15/05/2019 12:31,0,25,-16,0.89,-1,33,101,77
15/05/2019 12:31,0,24,-19,0.89,-1,35,101,77
15/05/2019 12:31,0,25,-21,0.89,-1,34,101,77
15/05/2019 12:31,0,25,-22,0.89,-1,35,102,77
15/05/2019 12:31,0,26,-21,0.89,-1,35,101,77
15/05/2019 12:32,0,26,-21,0.89,-1,35,100,77
15/05/2019 12:32,0,26,-21,0.89,-1,35,100,77
15/05/2019 12:32,0,26,-21,0.89,-1,35,100,77
15/05/2019 12:32,0,26,-21,0.89,-1,35,101,77
15/05/2019 12:32,0,26,-21,0.89,-1,35,101,77
15/05/2019 12:32,0,26,-20,0.89,-1,35,100,77
15/05/2019 12:33,0,26,-21,0.89,-1,35,100,77
15/05/2019 12:33,0,27,-21,0.89,-1,34,101,77
15/05/2019 12:33,0,27,-20,0.89,-1,34,100,77
15/05/2019 12:33,0,26,-21,0.89,-1,35,101,77
15/05/2019 12:33,0,25,-22,0.89,-1,34,102,77
15/05/2019 12:33,0,24,-21,0.89,-1,34,102,77
15/05/2019 12:34,0,24,-21,0.89,-1,31,101,77
15/05/2019 12:34,0,24,-21,0.89,-1,32,102,77
15/05/2019 12:34,0,24,-21,0.89,-1,34,101,77
15/05/2019 12:34,0,25,-21,0.89,-1,35,101,77
15/05/2019 12:34,0,26,-21,0.89,-1,36,102,77
15/05/2019 12:34,0,25,-20,0.89,-1,35,102,77
15/05/2019 12:35,0,26,-20,0.89,-1,35,101,77
15/05/2019 12:35,0,26,-21,0.89,-1,35,101,77
15/05/2019 12:35,0,26,-22,0.89,-1,36,101,77
15/05/2019 12:35,0,26,-21,0.89,-1,35,102,77
15/05/2019 12:35,0,26,-22,0.89,-1,35,100,77
15/05/2019 12:35,0,27,-20,0.89,-1,35,101,77
15/05/2019 12:36,0,27,-22,0.89,-1,35,101,77
15/05/2019 12:36,0,27,-21,0.89,-1,34,101,77
15/05/2019 12:36,0,27,-21,0.89,-1,34,102,77
15/05/2019 12:36,0,27,-21,0.89,-1,34,102,77
15/05/2019 12:36,0,27,-21,0.89,-1,34,101,77
15/05/2019 12:36,0,27,-21,0.89,-1,34,100,77
15/05/2019 12:37,0,27,-21,0.89,-1,34,101,76
15/05/2019 12:37,0,27,-20,0.89,-1,34,102,77
15/05/2019 12:37,0,27,-20,0.89,-1,34,100,77
15/05/2019 12:37,0,27,-20,0.89,-1,34,100,77
15/05/2019 12:37,0,27,-22,0.89,-1,33,100,77
15/05/2019 12:37,0,27,-20,0.89,-1,32,101,77
15/05/2019 12:38,0,27,-21,0.89,-1,32,100,77
15/05/2019 12:38,0,27,-21,0.89,-1,32,102,77
15/05/2019 12:38,0,27,-21,0.89,-1,32,101,77
15/05/2019 12:38,0,27,-21,0.89,-1,32,100,77
15/05/2019 12:38,0,28,-21,0.89,-1,32,100,77
15/05/2019 12:38,0,28,-20,0.89,-1,32,100,77
15/05/2019 12:39,0,28,-21,0.89,-1,32,100,77
15/05/2019 12:39,0,27,-21,0.89,-1,32,102,77
15/05/2019 12:39,0,27,-21,0.89,-1,33,102,76
15/05/2019 12:39,0,27,-22,0.89,-1,33,100,77
15/05/2019 12:39,0,28,-21,0.89,-1,33,100,76
15/05/2019 12:39,0,27,-21,0.89,-1,32,101,77
15/05/2019 12:40,0,27,-20,0.89,-1,32,100,77
15/05/2019 12:40,0,27,-21,0.89,-1,31,101,76
15/05/2019 12:40,0,27,-21,0.89,-1,31,102,76
15/05/2019 12:40,0,27,-21,0.89,-1,31,100,76
15/05/2019 12:40,0,28,-21,0.89,-1,32,100,77
15/05/2019 12:40,0,27,-20,0.89,-1,32,101,76
15/05/2019 12:41,0,28,-22,0.89,-1,32,100,76
15/05/2019 12:41,0,28,-21,0.89,-1,32,100,77
15/05/2019 12:41,0,28,-22,0.89,-1,31,100,76
15/05/2019 12:41,0,28,-20,0.89,-1,31,100,76
15/05/2019 12:41,0,28,-21,0.89,-1,30,100,77
15/05/2019 12:42,0,28,-20,0.89,-1,31,100,76
15/05/2019 12:42,0,28,-20,0.89,-1,31,100,77
15/05/2019 12:42,0,28,-21,0.89,-1,31,100,77
15/05/2019 12:42,0,28,-21,0.89,-1,32,100,76
15/05/2019 12:42,0,28,-21,0.89,-1,32,101,75
15/05/2019 12:42,0,28,-21,0.89,-1,32,101,77
15/05/2019 12:43,0,28,-20,0.89,-1,32,101,76
15/05/2019 12:43,0,28,-20,0.89,-1,32,100,77
15/05/2019 12:43,0,28,-21,0.89,-1,32,101,76
15/05/2019 12:43,0,28,-20,0.89,-1,32,100,77
15/05/2019 12:43,0,28,-21,0.89,-1,33,100,76
15/05/2019 12:43,0,28,-21,0.89,-1,33,101,76
15/05/2019 12:44,0,28,-21,0.89,-1,32,100,77
15/05/2019 12:44,0,28,-23,0.89,-1,30,101,76
15/05/2019 12:44,0,27,-21,0.89,-1,29,101,77
15/05/2019 12:44,0,27,-22,0.89,-1,29,101,77
15/05/2019 12:44,0,27,-22,0.89,-1,29,101,76
15/05/2019 12:44,0,27,-22,0.89,-1,30,101,76
15/05/2019 12:45,0,27,-22,0.89,-1,30,102,76
15/05/2019 12:45,0,27,-23,0.89,-1,32,101,76
15/05/2019 12:45,0,26,-21,0.89,-1,30,101,76
15/05/2019 12:45,0,27,-22,0.89,-1,29,102,76
15/05/2019 12:45,0,27,-22,0.89,-1,30,102,77
15/05/2019 12:45,0,27,-22,0.89,-1,30,102,76
15/05/2019 12:46,0,27,-22,0.89,-1,29,102,76
15/05/2019 12:46,0,27,-21,0.89,-1,29,102,76
15/05/2019 12:46,0,26,-22,0.89,-1,31,102,76
15/05/2019 12:46,0,26,-21,0.89,-1,31,102,76
15/05/2019 12:46,0,26,-21,0.89,-1,32,102,76
15/05/2019 12:46,0,25,-21,0.89,-1,33,102,76
15/05/2019 12:47,0,25,-21,0.89,-1,33,101,76
15/05/2019 12:47,0,26,-21,0.89,-1,33,102,76
15/05/2019 12:47,0,26,-20,0.89,-1,33,102,76
15/05/2019 12:47,0,26,-21,0.89,-1,31,102,76
15/05/2019 12:47,0,26,-20,0.89,-1,32,102,76
15/05/2019 12:47,0,26,-20,0.89,-1,31,102,76
15/05/2019 12:48,0,26,-20,0.89,-1,31,100,76
15/05/2019 12:48,0,27,-20,0.89,-1,33,101,76
15/05/2019 12:48,0,27,-21,0.89,-1,32,101,76
15/05/2019 12:48,0,27,-21,0.89,-1,30,101,76
15/05/2019 12:48,0,27,-21,0.89,-1,30,100,76
15/05/2019 12:48,0,27,-20,0.89,-1,30,101,76
15/05/2019 12:49,0,27,-19,0.89,-1,30,101,77
15/05/2019 12:49,0,27,-22,0.89,-1,30,101,76
15/05/2019 12:49,0,26,-21,0.89,-1,31,101,76
15/05/2019 12:49,0,26,-20,0.89,-1,32,101,76
15/05/2019 12:49,0,26,-20,0.89,-1,32,101,76
15/05/2019 12:49,0,26,-20,0.89,-1,31,101,76
15/05/2019 12:50,0,26,-21,0.89,-1,30,101,76
15/05/2019 12:50,0,26,-20,0.89,-1,29,101,75
15/05/2019 12:50,0,26,-21,0.89,-1,29,101,75
15/05/2019 12:50,0,26,-22,0.89,-1,29,101,75
15/05/2019 12:50,0,26,-22,0.89,-1,30,101,76
15/05/2019 12:50,0,26,-22,0.89,-1,30,101,75
15/05/2019 12:51,0,26,-22,0.89,-1,30,101,76
15/05/2019 12:51,0,26,-21,0.89,-1,30,101,76
15/05/2019 12:51,0,27,-21,0.89,-1,30,101,76
15/05/2019 12:51,0,26,-22,0.89,-1,30,102,76
15/05/2019 12:51,0,26,-21,0.89,-1,30,100,76
15/05/2019 12:51,0,27,-20,0.89,-1,29,100,76
15/05/2019 12:52,0,27,-16,0.89,-1,28,101,76
15/05/2019 12:52,0,27,-15,0.89,-1,27,101,75
15/05/2019 12:52,0,26,-14,0.89,-1,27,101,76
15/05/2019 12:52,0,26,-15,0.89,-1,26,101,76
15/05/2019 12:52,0,25,-12,0.89,-1,28,101,76
15/05/2019 12:52,0,24,-11,0.89,-1,29,101,75
15/05/2019 12:53,0,23,-12,0.89,-1,29,101,75
15/05/2019 12:53,0,24,-11,0.89,-1,30,101,75
15/05/2019 12:53,0,24,-10,0.89,-1,31,101,76
15/05/2019 12:53,0,24,-12,0.89,-1,31,101,75
15/05/2019 12:53,15,26,-10,0.89,-1,30,101,76
15/05/2019 12:53,48,26,-10,0.89,-1,33,101,75
15/05/2019 12:54,80,27,-11,0.89,-1,33,101,75
15/05/2019 12:54,77,27,-13,0.89,-1,35,101,75
15/05/2019 12:54,91,27,-12,0.89,-1,32,101,76
15/05/2019 12:54,97,27,-12,0.89,-1,33,102,76
15/05/2019 12:54,34,25,-13,0.89,-1,34,102,77
15/05/2019 12:54,0,25,-15,0.89,-1,29,101,75
15/05/2019 12:55,0,25,-19,0.89,-1,30,101,75
15/05/2019 12:55,0,25,-22,0.89,-1,32,101,75
15/05/2019 12:55,0,25,-26,0.89,-1,32,101,76
15/05/2019 12:55,0,26,-25,0.89,-1,33,101,76
15/05/2019 12:55,22,29,-26,0.89,-1,32,101,76
15/05/2019 12:56,86,31,-27,0.89,-1,34,101,74
15/05/2019 12:56,106,30,-30,0.89,-1,29,101,75
15/05/2019 12:56,57,30,-30,0.89,-1,30,101,75
15/05/2019 12:56,19,29,-30,0.89,-1,31,101,75
15/05/2019 12:56,0,29,-31,0.89,-1,29,101,74
15/05/2019 12:56,20,29,-30,0.89,-1,26,101,74
15/05/2019 12:57,226,29,-31,0.89,-1,26,102,75
15/05/2019 12:57,140,29,-31,0.89,-1,28,102,75
15/05/2019 12:57,77,29,-31,0.89,-1,28,101,75
15/05/2019 12:57,50,29,-29,0.89,-1,28,101,75
15/05/2019 12:57,37,30,-30,0.89,-1,28,101,75
15/05/2019 12:57,38,30,-30,0.89,-1,27,101,75
15/05/2019 12:58,57,30,-30,0.89,-1,29,101,75
15/05/2019 12:58,36,30,-29,0.89,-1,29,101,75
15/05/2019 12:58,23,30,-29,0.89,-1,27,101,74
15/05/2019 12:58,18,30,-29,0.89,-1,27,101,75
15/05/2019 12:58,13,30,-30,0.89,-1,27,101,74
15/05/2019 12:58,0,30,-30,0.89,-1,27,101,75
15/05/2019 12:59,12,30,-30,0.89,-1,27,101,75
15/05/2019 12:59,13,30,-30,0.89,-1,27,101,74
15/05/2019 12:59,10,30,-30,0.89,-1,27,101,75
15/05/2019 12:59,0,30,-30,0.89,-1,27,101,75
15/05/2019 12:59,0,30,-31,0.89,-1,27,101,74
15/05/2019 12:59,0,30,-31,0.89,-1,28,101,74
15/05/2019 13:00,0,30,-30,0.89,-1,28,101,75
15/05/2019 13:00,0,30,-30,0.89,-1,28,101,74
15/05/2019 13:00,0,29,-31,0.89,-1,28,101,73
15/05/2019 13:00,0,27,-32,0.89,-1,27,101,75
15/05/2019 13:00,0,28,-32,0.89,-1,26,100,75
15/05/2019 13:00,0,29,-32,0.89,-1,27,100,75
15/05/2019 13:01,0,29,-32,0.89,-1,27,100,74
15/05/2019 13:01,0,29,-32,0.89,-1,27,101,75
15/05/2019 13:01,0,29,-31,0.89,-1,27,101,74
15/05/2019 13:01,0,30,-31,0.89,-1,26,100,74
15/05/2019 13:01,0,30,-31,0.89,-1,26,100,74
15/05/2019 13:01,0,30,-31,0.89,-1,27,101,74
15/05/2019 13:02,0,30,-31,0.89,-1,27,102,75
15/05/2019 13:02,0,30,-32,0.89,-1,28,101,74
15/05/2019 13:02,0,29,-32,0.89,-1,27,101,75
15/05/2019 13:02,0,29,-32,0.89,-1,27,101,74
15/05/2019 13:02,0,29,-33,0.89,-1,28,101,74
15/05/2019 13:02,0,30,-33,0.89,-1,28,101,74
15/05/2019 13:03,0,30,-34,0.89,-1,28,101,75
15/05/2019 13:03,0,29,-34,0.89,-1,28,101,74
15/05/2019 13:03,0,29,-33,0.89,-1,26,101,74
15/05/2019 13:03,0,29,-33,0.89,-1,25,101,74
15/05/2019 13:03,0,29,-35,0.89,-1,25,101,74
15/05/2019 13:03,0,28,-36,0.89,-1,26,101,74
15/05/2019 13:04,0,29,-37,0.89,-1,26,101,74
15/05/2019 13:04,0,29,-36,0.89,-1,26,101,74
15/05/2019 13:04,0,29,-36,0.89,-1,27,101,75
15/05/2019 13:04,0,28,-37,0.89,-1,26,101,75
15/05/2019 13:04,0,28,-38,0.89,-1,27,100,73
15/05/2019 13:04,0,29,-37,0.89,-1,27,101,75
15/05/2019 13:05,0,29,-37,0.89,-1,27,101,74
15/05/2019 13:05,0,29,-37,0.89,-1,27,101,74
15/05/2019 13:05,0,29,-37,0.89,-1,28,101,74
15/05/2019 13:05,0,29,-38,0.89,-1,28,100,75
15/05/2019 13:05,0,29,-38,0.89,-1,29,101,74
15/05/2019 13:05,0,30,-37,0.89,-1,28,101,75
15/05/2019 13:06,0,30,-38,0.89,-1,28,102,74
15/05/2019 13:06,0,30,-37,0.89,-1,28,102,73
15/05/2019 13:06,0,30,-37,0.89,-1,28,101,74
15/05/2019 13:06,0,30,-36,0.89,-1,27,101,73
15/05/2019 13:06,0,30,-36,0.89,-1,29,101,74
15/05/2019 13:06,0,29,-36,0.89,-1,27,101,74
15/05/2019 13:07,0,28,-36,0.89,-1,27,101,74
15/05/2019 13:07,0,28,-37,0.89,-1,28,101,74
15/05/2019 13:07,0,29,-38,0.89,-1,28,101,74
15/05/2019 13:07,0,29,-38,0.89,-1,29,101,74
15/05/2019 13:07,0,29,-38,0.89,-1,28,101,74
15/05/2019 13:08,0,30,-38,0.89,-1,29,100,74
15/05/2019 13:08,0,30,-38,0.89,-1,29,100,74
15/05/2019 13:08,0,30,-38,0.89,-1,28,101,74
15/05/2019 13:08,0,30,-38,0.89,-1,29,101,73
15/05/2019 13:08,0,30,-37,0.89,-1,26,101,74
15/05/2019 13:08,0,30,-37,0.89,-1,26,100,74
15/05/2019 13:09,0,30,-38,0.89,-1,26,101,74
15/05/2019 13:09,0,30,-38,0.89,-1,26,100,74
15/05/2019 13:09,0,30,-38,0.89,-1,27,99,74
15/05/2019 13:09,0,30,-39,0.89,-1,28,100,74
15/05/2019 13:09,0,30,-38,0.89,-1,28,101,74
15/05/2019 13:09,0,30,-37,0.89,-1,29,101,74
15/05/2019 13:10,0,30,-38,0.89,-1,29,101,74
15/05/2019 13:10,0,30,-38,0.89,-1,28,102,74
15/05/2019 13:10,0,30,-37,0.89,-1,27,102,73
15/05/2019 13:10,0,30,-36,0.89,-1,26,102,74
15/05/2019 13:10,0,30,-36,0.89,-1,27,101,74
15/05/2019 13:10,0,30,-35,0.89,-1,27,101,74
15/05/2019 13:11,0,30,-35,0.89,-1,26,101,74
15/05/2019 13:11,0,30,-34,0.89,-1,26,101,75
15/05/2019 13:11,0,30,-33,0.89,-1,28,101,74
15/05/2019 13:11,0,30,-31,0.89,-1,31,101,74
15/05/2019 13:11,0,30,-30,0.89,-1,31,102,74
15/05/2019 13:11,0,30,-29,0.89,-1,30,102,74
15/05/2019 13:12,0,30,-28,0.89,-1,31,101,74
15/05/2019 13:12,0,30,-28,0.89,-1,31,101,74
15/05/2019 13:12,0,30,-28,0.89,-1,30,101,74
15/05/2019 13:12,0,31,-29,0.89,-1,30,102,74
15/05/2019 13:12,0,31,-27,0.89,-1,30,102,74
15/05/2019 13:12,0,31,-28,0.89,-1,30,102,73
15/05/2019 13:13,0,31,-28,0.89,-1,31,100,73
15/05/2019 13:13,0,31,-29,0.89,-1,30,100,74
15/05/2019 13:13,0,31,-28,0.89,-1,30,100,74
15/05/2019 13:13,0,31,-29,0.89,-1,29,100,74
15/05/2019 13:13,0,31,-29,0.89,-1,29,101,74
15/05/2019 13:13,0,31,-27,0.89,-1,30,100,74
15/05/2019 13:14,0,31,-27,0.89,-1,29,100,74
15/05/2019 13:14,0,31,-28,0.89,-1,29,101,75
15/05/2019 13:14,0,31,-28,0.89,-1,29,101,74
15/05/2019 13:14,0,31,-28,0.89,-1,29,101,73
15/05/2019 13:14,0,31,-28,0.89,-1,28,100,74
15/05/2019 13:14,0,31,-27,0.89,-1,30,101,75
15/05/2019 13:15,0,31,-26,0.89,-1,30,100,75
15/05/2019 13:15,0,31,-27,0.89,-1,29,100,74
15/05/2019 13:15,0,31,-27,0.89,-1,28,101,74
15/05/2019 13:15,0,31,-28,0.89,-1,26,100,74
15/05/2019 13:15,0,31,-28,0.89,-1,26,101,74
15/05/2019 13:15,0,31,-28,0.89,-1,27,100,74
15/05/2019 13:16,0,31,-28,0.89,-1,26,100,74
15/05/2019 13:16,0,31,-29,0.89,-1,25,101,74
15/05/2019 13:16,0,31,-29,0.89,-1,25,101,74
15/05/2019 13:16,0,31,-28,0.89,-1,25,100,73
15/05/2019 13:16,0,31,-28,0.89,-1,25,102,73
15/05/2019 13:16,0,31,-29,0.89,-1,26,101,73
15/05/2019 13:17,0,31,-28,0.89,-1,27,101,73
15/05/2019 13:17,0,31,-28,0.89,-1,27,100,73
15/05/2019 13:17,0,31,-29,0.89,-1,27,100,74
15/05/2019 13:17,0,31,-28,0.89,-1,27,101,73
15/05/2019 13:17,0,31,-28,0.89,-1,27,100,73
15/05/2019 13:17,0,31,-27,0.89,-1,27,101,74
15/05/2019 13:18,0,31,-25,0.89,-1,25,101,74
15/05/2019 13:18,0,30,-26,0.89,-1,26,101,74
15/05/2019 13:18,0,30,-25,0.89,-1,26,101,73
15/05/2019 13:18,0,30,-24,0.89,-1,27,100,75
15/05/2019 13:18,0,30,-23,0.89,-1,27,100,74
15/05/2019 13:18,0,29,-20,0.89,-1,27,101,74
15/05/2019 13:19,0,30,-19,0.89,-1,25,101,74
15/05/2019 13:19,0,30,-17,0.89,-1,26,101,74
15/05/2019 13:19,0,30,-15,0.89,-1,27,101,74
15/05/2019 13:19,0,30,-13,0.89,-1,28,101,73
15/05/2019 13:19,0,30,-11,0.89,-1,28,102,74
15/05/2019 13:19,0,29,-11,0.89,-1,29,101,73
15/05/2019 13:20,0,30,-9,0.89,-1,29,100,74
15/05/2019 13:20,0,30,-7,0.89,-1,29,101,73
15/05/2019 13:20,0,29,-6,0.89,-1,28,101,74
15/05/2019 13:20,0,29,-4,0.89,-1,28,101,73
15/05/2019 13:20,0,29,-2,0.89,-1,29,101,73
15/05/2019 13:21,0,29,-2,0.89,-1,29,102,73
15/05/2019 13:21,0,29,-2,0.89,-1,27,101,73
15/05/2019 13:21,0,29,-3,0.89,-1,24,101,73
15/05/2019 13:21,0,29,0,0.89,-1,24,101,73
15/05/2019 13:21,0,27,-2,0.89,-1,24,102,73
15/05/2019 13:21,0,27,-2,0.89,-1,24,101,74
15/05/2019 13:22,0,28,-2,0.89,-1,26,100,74
15/05/2019 13:22,0,28,0,0.89,-1,26,100,73
15/05/2019 13:22,0,28,0,0.89,-1,27,101,74
15/05/2019 13:22,0,27,-3,0.89,-1,27,101,74
15/05/2019 13:22,0,26,-3,0.89,-1,26,101,74
15/05/2019 13:22,0,26,0,0.89,-1,27,101,74
15/05/2019 13:23,0,26,0,0.89,-1,28,101,73
15/05/2019 13:23,0,26,-2,0.89,-1,27,101,73
15/05/2019 13:23,0,26,0,0.89,-1,26,101,73
15/05/2019 13:23,0,26,1,0.89,-1,26,101,73
15/05/2019 13:23,0,26,0,0.89,-1,27,102,73
15/05/2019 13:23,0,26,0,0.89,-1,27,102,73
15/05/2019 13:24,0,26,0,0.89,-1,28,101,73
15/05/2019 13:24,0,26,-2,0.89,-1,28,101,73
15/05/2019 13:24,0,26,2,0.89,-1,28,101,73
15/05/2019 13:24,0,26,0,0.89,-1,28,101,73
15/05/2019 13:24,0,26,1,0.89,-1,26,101,73
15/05/2019 13:24,0,26,2,0.89,-1,26,101,73
15/05/2019 13:25,0,26,2,0.89,-1,27,101,74
15/05/2019 13:25,0,26,3,0.89,-1,28,101,73
15/05/2019 13:25,0,26,4,0.89,-1,28,101,73
15/05/2019 13:25,0,26,4,0.89,-1,29,101,73
15/05/2019 13:25,0,26,4,0.89,-1,28,101,73
15/05/2019 13:25,0,26,2,0.89,-1,27,101,72
15/05/2019 13:26,0,26,4,0.89,-1,28,101,73
15/05/2019 13:26,0,26,1,0.89,-1,29,101,73
15/05/2019 13:26,0,26,5,0.89,-1,30,102,73
15/05/2019 13:26,0,26,4,0.89,-1,29,101,72
15/05/2019 13:26,0,26,4,0.89,-1,29,101,72
15/05/2019 13:26,0,26,8,0.89,-1,30,102,73
15/05/2019 13:27,0,26,8,0.89,-1,29,98,73
15/05/2019 13:27,0,26,6,0.89,-1,29,87,73
15/05/2019 13:27,0,27,6,0.89,-1,28,86,73
15/05/2019 13:27,0,27,6,0.89,-1,28,86,73
15/05/2019 13:27,0,27,6,0.89,-1,28,86,74
15/05/2019 13:27,0,27,6,0.89,-1,28,86,73
15/05/2019 13:28,0,27,6,0.89,-1,28,86,72
15/05/2019 13:28,0,27,6,0.89,-1,27,86,73
15/05/2019 13:28,0,27,6,0.89,-1,28,86,72
15/05/2019 13:28,0,28,6,0.89,-1,27,85,73
15/05/2019 13:28,0,28,6,0.89,-1,27,85,73
15/05/2019 13:28,0,28,8,0.89,-1,27,85,73
15/05/2019 13:29,0,28,6,0.89,-1,27,84,73
15/05/2019 13:29,0,28,5,0.89,-1,26,84,72
15/05/2019 13:29,0,28,5,0.89,-1,26,84,73
15/05/2019 13:29,0,28,6,0.89,-1,25,84,73
15/05/2019 13:29,0,28,7,0.89,-1,26,83,72
15/05/2019 13:29,0,28,8,0.89,-1,27,83,73
15/05/2019 13:30,0,28,9,0.89,-1,27,82,73
15/05/2019 13:30,0,28,7,0.89,-1,27,80,72
15/05/2019 13:30,0,28,6,0.89,-1,26,81,73
15/05/2019 13:30,0,28,6,0.89,-1,25,77,73
15/05/2019 13:30,0,28,7,0.89,-1,24,79,73
15/05/2019 13:30,0,29,6,0.89,-1,24,77,72
15/05/2019 13:31,0,29,5,0.89,-1,24,76,72
15/05/2019 13:31,0,29,6,0.89,-1,24,81,72
15/05/2019 13:31,0,29,6,0.89,-1,24,77,72
15/05/2019 13:31,0,29,6,0.89,-1,25,77,73
15/05/2019 13:31,0,29,5,0.89,-1,25,78,73
15/05/2019 13:31,0,29,6,0.89,-1,25,78,73
15/05/2019 13:32,0,29,6,0.89,-1,25,76,73
15/05/2019 13:32,0,28,7,0.89,-1,24,78,73
15/05/2019 13:32,0,28,6,0.89,-1,24,78,73
15/05/2019 13:32,0,28,6,0.89,-1,24,79,72
15/05/2019 13:32,0,28,7,0.89,-1,24,79,72
15/05/2019 13:32,0,28,6,0.89,-1,25,75,73
15/05/2019 13:33,0,28,6,0.89,-1,25,80,72
15/05/2019 13:33,0,28,6,0.89,-1,25,80,72
15/05/2019 13:33,0,28,6,0.89,-1,25,80,72
15/05/2019 13:33,0,28,6,0.89,-1,25,79,72
15/05/2019 13:33,0,28,7,0.89,-1,25,79,72
15/05/2019 13:34,0,28,7,0.89,-1,26,83,72
15/05/2019 13:34,0,28,7,0.89,-1,26,72,71
15/05/2019 13:34,0,28,6,0.89,-1,26,71,72
15/05/2019 13:34,0,28,6,0.89,-1,26,78,72
15/05/2019 13:34,0,28,5,0.89,-1,25,81,73
15/05/2019 13:34,0,28,5,0.89,-1,25,74,72
15/05/2019 13:35,0,28,7,0.89,-1,26,83,72
15/05/2019 13:35,0,28,7,0.89,-1,26,79,71
15/05/2019 13:35,0,28,7,0.89,-1,26,71,72
15/05/2019 13:35,0,28,6,0.89,-1,25,70,72
15/05/2019 13:35,0,28,6,0.89,-1,25,83,73
15/05/2019 13:35,0,29,6,0.89,-1,25,81,72
15/05/2019 13:36,0,29,6,0.89,-1,25,79,72
15/05/2019 13:36,0,29,6,0.89,-1,24,79,72
15/05/2019 13:36,0,29,7,0.89,-1,24,74,72
15/05/2019 13:36,0,29,6,0.89,-1,24,75,72
15/05/2019 13:36,0,29,6,0.89,-1,24,69,72
15/05/2019 13:36,0,29,6,0.89,-1,24,82,72
15/05/2019 13:37,0,29,6,0.89,-1,23,80,72
15/05/2019 13:37,0,29,5,0.89,-1,24,82,72
15/05/2019 13:37,0,29,5,0.89,-1,24,84,72
15/05/2019 13:37,0,29,6,0.89,-1,24,83,72
15/05/2019 13:37,0,29,6,0.89,-1,24,85,72
15/05/2019 13:37,0,29,6,0.89,-1,24,83,72
15/05/2019 13:38,0,29,6,0.89,-1,24,84,72
15/05/2019 13:38,0,29,6,0.89,-1,24,55,72
15/05/2019 13:38,0,29,7,0.89,-1,24,88,72
15/05/2019 13:38,0,29,7,0.89,-1,24,88,72
15/05/2019 13:38,0,29,7,0.89,-1,24,88,72
15/05/2019 13:38,0,29,7,0.89,-1,24,88,72
15/05/2019 13:39,0,29,8,0.89,-1,24,89,72
15/05/2019 13:39,0,29,7,0.89,-1,24,88,71
15/05/2019 13:39,0,29,6,0.89,-1,24,88,71
15/05/2019 13:39,0,29,7,0.89,-1,25,87,72
15/05/2019 13:39,0,29,6,0.89,-1,24,87,72
15/05/2019 13:39,0,29,6,0.89,-1,25,86,72
15/05/2019 13:40,0,29,5,0.89,-1,25,87,72
15/05/2019 13:40,0,29,6,0.89,-1,25,86,71
15/05/2019 13:40,0,29,6,0.89,-1,25,86,72
15/05/2019 13:40,0,29,7,0.89,-1,25,85,71
15/05/2019 13:40,0,29,5,0.89,-1,25,85,71
15/05/2019 13:40,0,29,7,0.89,-1,26,85,71
15/05/2019 13:41,0,29,7,0.89,-1,26,68,71
15/05/2019 13:41,0,29,6,0.89,-1,27,62,71
15/05/2019 13:41,0,29,6,0.89,-1,27,98,72
15/05/2019 13:41,0,29,7,0.89,-1,26,98,71
15/05/2019 13:41,0,29,6,0.89,-1,26,97,71
15/05/2019 13:41,0,29,6,0.89,-1,26,98,72
15/05/2019 13:42,0,29,7,0.89,-1,27,98,71
15/05/2019 13:42,0,29,8,0.89,-1,27,98,71
15/05/2019 13:42,0,29,8,0.89,-1,27,98,72
15/05/2019 13:42,0,29,7,0.89,-1,26,98,72
15/05/2019 13:42,0,29,7,0.89,-1,26,98,71
15/05/2019 13:42,0,29,9,0.89,-1,25,98,72
15/05/2019 13:43,0,29,6,0.89,-1,25,98,71
15/05/2019 13:43,0,29,8,0.89,-1,25,98,71
15/05/2019 13:43,0,29,7,0.89,-1,25,98,72
15/05/2019 13:43,0,29,6,0.89,-1,25,98,72
15/05/2019 13:43,0,29,6,0.89,-1,25,98,71
15/05/2019 13:43,0,29,7,0.89,-1,25,98,71
15/05/2019 13:44,0,29,6,0.89,-1,26,98,72
15/05/2019 13:44,0,29,6,0.89,-1,26,98,71
15/05/2019 13:44,0,29,7,0.89,-1,26,98,71
15/05/2019 13:44,0,29,6,0.89,-1,26,98,71
15/05/2019 13:44,0,29,5,0.89,-1,26,98,71
15/05/2019 13:44,0,29,6,0.89,-1,26,98,71
15/05/2019 13:45,0,29,6,0.89,-1,27,98,71
15/05/2019 13:45,0,29,8,0.89,-1,27,98,71
15/05/2019 13:45,0,29,7,0.89,-1,27,98,71
15/05/2019 13:45,0,29,7,0.89,-1,26,98,71
15/05/2019 13:45,0,29,6,0.89,-1,25,98,71
15/05/2019 13:45,0,29,8,0.89,-1,26,98,71
15/05/2019 13:46,0,29,9,0.89,-1,26,98,72
15/05/2019 13:46,0,29,7,0.89,-1,27,98,71
15/05/2019 13:46,0,29,7,0.89,-1,26,98,71
15/05/2019 13:46,0,29,6,0.89,-1,27,98,71
15/05/2019 13:46,0,29,6,0.89,-1,27,98,72
15/05/2019 13:47,0,29,5,0.89,-1,27,98,71
15/05/2019 13:47,0,29,6,0.89,-1,27,98,72
15/05/2019 13:47,0,29,6,0.89,-1,27,98,72
15/05/2019 13:47,0,29,6,0.89,-1,27,98,71
15/05/2019 13:47,0,29,6,0.89,-1,27,98,72
15/05/2019 13:47,0,29,5,0.89,-1,27,98,71
15/05/2019 13:48,0,29,8,0.89,-1,27,98,71
15/05/2019 13:48,0,29,6,0.89,-1,25,98,72
15/05/2019 13:48,0,29,7,0.89,-1,26,98,70
15/05/2019 13:48,0,29,6,0.89,-1,25,52,71
15/05/2019 13:48,0,30,5,0.89,-1,25,51,71
15/05/2019 13:48,0,30,8,0.89,-1,25,97,70
15/05/2019 13:49,0,30,7,0.89,-1,25,97,71
15/05/2019 13:49,0,30,6,0.89,-1,25,97,71
15/05/2019 13:49,0,30,5,0.89,-1,25,91,71
15/05/2019 13:49,0,30,8,0.89,-1,25,97,72
15/05/2019 13:49,0,30,8,0.89,-1,26,97,71
15/05/2019 13:49,0,30,7,0.89,-1,24,67,71
15/05/2019 13:50,0,30,8,0.89,-1,24,72,71
15/05/2019 13:50,0,30,7,0.89,-1,25,77,71
15/05/2019 13:50,0,30,8,0.89,-1,24,97,71
15/05/2019 13:50,0,30,7,0.89,-1,25,97,71
15/05/2019 13:50,0,30,7,0.89,-1,25,97,70
15/05/2019 13:50,0,30,7,0.89,-1,25,84,71
15/05/2019 13:51,0,30,6,0.89,-1,25,82,71
15/05/2019 13:51,0,30,6,0.89,-1,26,72,71
15/05/2019 13:51,0,30,7,0.89,-1,25,97,72
15/05/2019 13:51,0,29,7,0.89,-1,26,91,71
15/05/2019 13:51,0,29,8,0.89,-1,27,87,71
15/05/2019 13:51,0,29,7,0.89,-1,27,83,71
15/05/2019 13:52,0,29,7,0.89,-1,30,88,71
15/05/2019 13:52,0,29,7,0.89,-1,29,89,71
15/05/2019 13:52,0,29,7,0.89,-1,28,88,71
15/05/2019 13:52,0,29,6,0.89,-1,30,80,70
15/05/2019 13:52,0,28,6,0.89,-1,30,80,70
15/05/2019 13:52,0,28,6,0.89,-1,29,97,70
15/05/2019 13:53,0,28,5,0.89,-1,29,97,70
15/05/2019 13:53,0,28,6,0.89,-1,31,97,71
15/05/2019 13:53,0,28,6,0.89,-1,33,96,71
15/05/2019 13:53,0,28,6,0.89,-1,32,96,71
15/05/2019 13:53,0,28,6,0.89,-1,32,96,70
15/05/2019 13:53,0,28,7,0.89,-1,32,66,70
15/05/2019 13:54,0,28,8,0.89,-1,32,66,70
15/05/2019 13:54,0,28,8,0.89,-1,32,64,70
15/05/2019 13:54,0,28,7,0.89,-1,33,52,71
15/05/2019 13:54,0,28,7,0.89,-1,32,42,71
15/05/2019 13:54,0,28,7,0.89,-1,32,61,70
15/05/2019 13:54,0,28,8,0.89,-1,33,59,70
15/05/2019 13:55,0,28,7,0.89,-1,33,51,70
15/05/2019 13:55,0,28,6,0.89,-1,33,67,70
15/05/2019 13:55,0,28,6,0.89,-1,32,60,71
15/05/2019 13:55,0,28,7,0.89,-1,32,66,70
15/05/2019 13:55,0,28,7,0.89,-1,32,60,70
15/05/2019 13:55,0,28,6,0.89,-1,32,65,70
15/05/2019 13:56,0,28,6,0.89,-1,32,64,70
15/05/2019 13:56,0,27,6,0.89,-1,32,102,69
15/05/2019 13:56,0,27,6,0.89,-1,33,95,70
15/05/2019 13:56,0,27,7,0.89,-1,33,94,70
15/05/2019 13:56,0,27,7,0.89,-1,33,98,71
15/05/2019 13:56,0,27,7,0.89,-1,33,98,71
15/05/2019 13:57,0,27,7,0.89,-1,34,73,70
15/05/2019 13:57,0,27,8,0.89,-1,35,68,70
15/05/2019 13:57,0,27,8,0.89,-1,34,75,70
15/05/2019 13:57,0,26,7,0.89,-1,34,74,70
15/05/2019 13:57,0,26,7,0.89,-1,35,88,70
15/05/2019 13:57,0,26,7,0.89,-1,35,95,70
15/05/2019 13:58,0,26,7,0.89,-1,35,95,70
15/05/2019 13:58,0,26,5,0.89,-1,34,95,70
15/05/2019 13:58,0,26,6,0.89,-1,32,95,70
15/05/2019 13:58,0,26,6,0.89,-1,30,93,69
15/05/2019 13:58,0,26,6,0.89,-1,31,93,70
15/05/2019 13:58,0,26,6,0.89,-1,30,75,70
15/05/2019 13:59,0,26,6,0.89,-1,30,80,70
15/05/2019 13:59,0,26,8,0.89,-1,30,58,70
15/05/2019 13:59,0,26,8,0.89,-1,33,60,70
15/05/2019 13:59,0,26,7,0.89,-1,34,57,70
15/05/2019 13:59,0,26,7,0.89,-1,34,42,71
15/05/2019 14:00,0,26,6,0.89,-1,34,47,71
15/05/2019 14:00,0,26,6,0.89,-1,34,73,70
15/05/2019 14:00,0,26,6,0.89,-1,34,51,70
15/05/2019 14:00,0,26,6,0.89,-1,34,54,70
15/05/2019 14:00,0,26,6,0.89,-1,32,53,70
15/05/2019 14:00,0,26,6,0.89,-1,34,48,70
15/05/2019 14:01,0,26,6,0.89,-1,34,52,70
15/05/2019 14:01,0,26,6,0.89,-1,32,57,70
15/05/2019 14:01,0,26,5,0.89,-1,32,36,70
15/05/2019 14:01,0,26,7,0.89,-1,31,45,70
15/05/2019 14:01,0,26,7,0.89,-1,32,42,70
15/05/2019 14:01,0,26,7,0.89,-1,33,42,70
15/05/2019 14:02,0,26,8,0.89,-1,35,37,69
15/05/2019 14:02,0,26,7,0.89,-1,35,39,70
15/05/2019 14:02,0,26,8,0.89,-1,35,40,70
15/05/2019 14:02,0,26,8,0.89,-1,36,44,69
15/05/2019 14:02,0,26,8,0.89,-1,36,42,69
15/05/2019 14:02,0,26,8,0.89,-1,36,42,70
15/05/2019 14:03,0,27,7,0.89,-1,35,38,70
15/05/2019 14:03,0,27,7,0.89,-1,35,48,70
15/05/2019 14:03,0,27,7,0.89,-1,36,53,69
15/05/2019 14:03,0,27,7,0.89,-1,36,46,70
15/05/2019 14:03,0,27,7,0.89,-1,36,39,70
15/05/2019 14:03,0,27,8,0.89,-1,36,45,70
15/05/2019 14:04,0,27,7,0.89,-1,36,46,71
15/05/2019 14:04,0,27,7,0.89,-1,35,44,69
15/05/2019 14:04,0,27,8,0.89,-1,35,41,69
15/05/2019 14:04,0,27,8,0.89,-1,36,48,70
15/05/2019 14:04,0,27,8,0.89,-1,36,33,69
15/05/2019 14:04,0,27,8,0.89,-1,36,61,70
15/05/2019 14:05,0,27,7,0.89,-1,38,39,69
15/05/2019 14:05,0,27,7,0.89,-1,37,40,70
15/05/2019 14:05,0,27,6,0.89,-1,36,45,69
15/05/2019 14:05,0,26,7,0.89,-1,36,40,69
15/05/2019 14:05,0,26,7,0.89,-1,36,39,70
15/05/2019 14:05,0,26,7,0.89,-1,36,46,70
15/05/2019 14:06,0,26,7,0.89,-1,37,45,69
15/05/2019 14:06,0,26,7,0.89,-1,37,38,69
15/05/2019 14:06,0,26,9,0.89,-1,37,45,69
15/05/2019 14:06,0,26,8,0.89,-1,37,43,69
15/05/2019 14:06,0,26,8,0.89,-1,39,45,69
15/05/2019 14:06,0,26,8,0.89,-1,39,48,70
15/05/2019 14:07,0,26,8,0.89,-1,39,40,70
15/05/2019 14:07,0,26,8,0.89,-1,38,49,69
15/05/2019 14:07,0,26,7,0.89,-1,37,37,70
15/05/2019 14:07,0,26,8,0.89,-1,36,57,69
15/05/2019 14:07,0,26,8,0.89,-1,36,42,69
15/05/2019 14:07,0,26,8,0.89,-1,35,46,69
15/05/2019 14:08,0,26,8,0.89,-1,36,47,69
15/05/2019 14:08,0,26,7,0.89,-1,36,47,69
15/05/2019 14:08,0,26,8,0.89,-1,36,42,69
15/05/2019 14:08,0,26,7,0.89,-1,36,40,69
15/05/2019 14:08,0,26,8,0.89,-1,37,65,70
15/05/2019 14:08,0,26,7,0.89,-1,37,9,69
15/05/2019 14:09,0,26,8,0.89,-1,37,58,69
15/05/2019 14:09,0,26,8,0.89,-1,37,23,69
15/05/2019 14:09,0,26,8,0.89,-1,37,30,69
15/05/2019 14:09,0,26,8,0.89,-1,38,29,69
15/05/2019 14:09,0,26,8,0.89,-1,38,31,69
15/05/2019 14:09,0,26,7,0.89,-1,38,31,69
15/05/2019 14:10,0,26,7,0.89,-1,38,33,69
15/05/2019 14:10,0,26,7,0.89,-1,38,29,69
15/05/2019 14:10,0,26,7,0.89,-1,37,28,69
15/05/2019 14:10,0,26,7,0.89,-1,37,25,69
15/05/2019 14:10,0,26,8,0.89,-1,37,24,69
15/05/2019 14:10,0,26,9,0.89,-1,37,22,69
15/05/2019 14:11,0,26,8,0.89,-1,37,26,69
15/05/2019 14:11,0,26,7,0.89,-1,38,15,69
15/05/2019 14:11,0,26,8,0.89,-1,38,17,69
15/05/2019 14:11,0,26,8,0.89,-1,38,16,70
15/05/2019 14:11,0,26,8,0.89,-1,39,17,69
15/05/2019 14:11,0,27,8,0.89,-1,39,14,69
15/05/2019 14:12,0,27,8,0.89,-1,38,16,69
15/05/2019 14:12,0,27,8,0.89,-1,37,15,69
15/05/2019 14:12,0,27,7,0.89,-1,37,15,69
15/05/2019 14:12,0,27,8,0.89,-1,37,17,69
15/05/2019 14:12,0,27,8,0.89,-1,37,25,69
15/05/2019 14:13,0,27,8,0.89,-1,36,16,69
15/05/2019 14:13,0,26,8,0.89,-1,37,14,69
15/05/2019 14:13,0,26,8,0.89,-1,37,15,69
15/05/2019 14:13,0,26,8,0.89,-1,38,14,69
15/05/2019 14:13,0,26,10,0.89,-1,38,18,69
15/05/2019 14:13,0,26,8,0.89,-1,39,15,69
15/05/2019 14:14,0,26,7,0.89,-1,39,16,69
15/05/2019 14:14,0,26,6,0.89,-1,38,17,69
15/05/2019 14:14,0,26,7,0.89,-1,38,18,69
15/05/2019 14:14,0,26,8,0.89,-1,38,18,69
15/05/2019 14:14,0,26,7,0.89,-1,38,18,69
15/05/2019 14:14,0,26,9,0.89,-1,37,26,69
15/05/2019 14:15,0,26,8,0.89,-1,37,22,69
15/05/2019 14:15,0,26,8,0.89,-1,37,19,69
15/05/2019 14:15,0,26,8,0.89,-1,38,27,70
15/05/2019 14:15,0,26,8,0.89,-1,37,91,69
15/05/2019 14:15,0,26,9,0.89,-1,37,16,69
15/05/2019 14:15,0,26,10,0.89,-1,37,14,69
15/05/2019 14:16,0,26,9,0.89,-1,37,15,69
15/05/2019 14:16,0,26,10,0.89,-1,37,18,69
15/05/2019 14:16,0,26,9,0.89,-1,37,18,69
15/05/2019 14:16,0,26,9,0.89,-1,37,15,69
15/05/2019 14:16,0,26,8,0.89,-1,37,16,69
15/05/2019 14:16,0,26,8,0.89,-1,38,12,69
15/05/2019 14:17,0,26,8,0.89,-1,39,68,69
15/05/2019 14:17,0,26,7,0.89,-1,39,38,69
15/05/2019 14:17,0,26,8,0.89,-1,40,38,69
15/05/2019 14:17,0,26,8,0.89,-1,40,39,69
15/05/2019 14:17,0,26,8,0.89,-1,41,39,69
15/05/2019 14:17,0,26,8,0.89,-1,40,38,69
15/05/2019 14:18,0,26,8,0.89,-1,40,38,69
15/05/2019 14:18,0,26,8,0.89,-1,40,39,69
15/05/2019 14:18,0,26,8,0.89,-1,40,16,69
15/05/2019 14:18,0,26,8,0.89,-1,39,33,69
15/05/2019 14:18,0,26,7,0.89,-1,38,37,69
15/05/2019 14:18,0,26,9,0.89,-1,38,38,69
15/05/2019 14:19,0,26,8,0.89,-1,39,37,69
15/05/2019 14:19,0,26,8,0.89,-1,39,38,69
15/05/2019 14:19,0,26,8,0.89,-1,39,38,69
15/05/2019 14:19,0,26,8,0.89,-1,39,37,69
15/05/2019 14:19,0,26,8,0.89,-1,40,31,69
15/05/2019 14:19,0,26,8,0.89,-1,40,36,69
15/05/2019 14:20,0,26,8,0.89,-1,40,38,69
15/05/2019 14:20,0,26,7,0.89,-1,40,38,69
15/05/2019 14:20,0,26,8,0.89,-1,39,38,68
15/05/2019 14:20,0,26,8,0.89,-1,40,39,69
15/05/2019 14:20,0,27,8,0.89,-1,40,39,69
15/05/2019 14:20,0,27,9,0.89,-1,40,39,69
15/05/2019 14:21,0,27,8,0.89,-1,39,40,68
