15/05/2019 08:53,0,25,0,0.9,-1,31,101,96
15/05/2019 08:53,0,25,0,0.9,-1,32,101,96
15/05/2019 08:53,0,25,0,0.9,-1,33,101,95
15/05/2019 08:53,0,25,0,0.9,-1,33,100,95
15/05/2019 08:54,0,25,-2,0.9,-1,33,101,95
15/05/2019 08:54,0,25,0,0.9,-1,33,101,96
15/05/2019 08:54,0,25,0,0.9,-1,33,101,95
15/05/2019 08:54,0,25,0,0.9,-1,33,101,95
15/05/2019 08:54,0,24,0,0.9,-1,33,101,94
15/05/2019 08:54,0,24,-2,0.9,-1,34,101,95
15/05/2019 08:55,0,24,-2,0.9,-1,33,101,95
15/05/2019 08:55,0,24,-2,0.9,-1,33,101,95
15/05/2019 08:55,0,25,-4,0.9,-1,33,102,96
15/05/2019 08:55,0,25,-5,0.9,-1,33,102,94
15/05/2019 08:55,0,25,-7,0.9,-1,33,102,95
15/05/2019 08:55,0,25,-8,0.9,-1,34,102,95
15/05/2019 08:56,0,25,-4,0.9,-1,34,102,94
15/05/2019 08:56,0,25,-3,0.9,-1,33,101,95
15/05/2019 08:56,0,25,1,0.9,-1,32,102,94
15/05/2019 08:56,0,25,-2,0.9,-1,33,101,94
15/05/2019 08:56,0,25,0,0.9,-1,33,102,94
15/05/2019 08:56,0,25,0,0.9,-1,34,101,96
15/05/2019 08:57,0,24,-2,0.9,-1,33,101,95
15/05/2019 08:57,0,24,-2,0.9,-1,33,101,95
15/05/2019 08:57,0,24,-2,0.9,-1,34,99,95
15/05/2019 08:57,0,24,-2,0.9,-1,35,100,95
15/05/2019 08:57,0,24,-2,0.9,-1,34,100,95
15/05/2019 08:57,0,24,-3,0.9,-1,34,100,94
15/05/2019 08:58,0,24,-2,0.9,-1,34,101,93
15/05/2019 08:58,0,24,-2,0.9,-1,33,101,94
15/05/2019 08:58,0,24,0,0.9,-1,34,101,95
15/05/2019 08:58,0,24,-2,0.9,-1,33,101,94
15/05/2019 08:58,0,24,0,0.9,-1,33,101,94
15/05/2019 08:58,0,23,0,0.9,-1,32,101,94
15/05/2019 08:59,0,23,-3,0.9,-1,33,101,93
15/05/2019 08:59,0,23,0,0.9,-1,34,101,94
15/05/2019 08:59,0,23,0,0.9,-1,34,101,95
15/05/2019 08:59,0,23,0,0.9,-1,34,101,94
15/05/2019 08:59,0,23,0,0.9,-1,35,101,95
15/05/2019 08:59,0,22,0,0.9,-1,35,101,95
15/05/2019 09:00,0,23,0,0.9,-1,36,101,94
15/05/2019 09:00,0,23,0,0.9,-1,36,101,94
15/05/2019 09:00,0,22,-2,0.9,-1,36,101,94
15/05/2019 09:00,0,23,-2,0.9,-1,37,101,95
15/05/2019 09:00,0,22,0,0.9,-1,37,102,94
15/05/2019 09:00,0,23,0,0.9,-1,37,102,94
15/05/2019 09:01,0,23,0,0.9,-1,37,101,93
15/05/2019 09:01,0,23,0,0.9,-1,36,101,93
15/05/2019 09:01,0,23,0,0.9,-1,35,101,94
15/05/2019 09:01,0,23,-2,0.9,-1,35,101,94
15/05/2019 09:01,0,23,-2,0.9,-1,35,101,94
15/05/2019 09:02,0,23,-3,0.9,-1,35,101,94
15/05/2019 09:02,0,23,-2,0.9,-1,35,102,94
15/05/2019 09:02,0,23,-2,0.9,-1,35,101,95
15/05/2019 09:02,0,23,0,0.9,-1,35,101,94
15/05/2019 09:02,0,23,0,0.9,-1,36,101,94
15/05/2019 09:02,0,22,0,0.9,-1,36,101,94
15/05/2019 09:03,0,22,0,0.9,-1,36,101,93
15/05/2019 09:03,0,23,-2,0.9,-1,38,101,93
15/05/2019 09:03,0,23,0,0.9,-1,37,101,94
15/05/2019 09:03,0,23,0,0.9,-1,37,101,94
15/05/2019 09:03,0,23,0,0.9,-1,37,101,94
15/05/2019 09:03,0,22,0,0.9,-1,38,101,94
15/05/2019 09:04,0,22,0,0.9,-1,37,101,94
15/05/2019 09:04,0,23,0,0.9,-1,38,101,94
15/05/2019 09:04,0,23,-2,0.9,-1,38,101,94
15/05/2019 09:04,0,23,0,0.9,-1,38,101,94
15/05/2019 09:04,0,23,-3,0.9,-1,37,49,94
15/05/2019 09:04,0,23,-2,0.9,-1,37,101,94
15/05/2019 09:05,0,23,-3,0.9,-1,38,101,93
15/05/2019 09:05,0,23,-2,0.9,-1,39,101,93
15/05/2019 09:05,0,23,-4,0.9,-1,38,101,93
15/05/2019 09:05,0,23,-3,0.9,-1,38,101,93
15/05/2019 09:05,0,23,-3,0.9,-1,37,102,93
15/05/2019 09:05,0,23,-2,0.9,-1,38,101,94
15/05/2019 09:06,0,23,-2,0.9,-1,37,101,94
15/05/2019 09:06,0,23,-2,0.9,-1,37,102,93
15/05/2019 09:06,0,23,0,0.9,-1,38,101,94
15/05/2019 09:06,0,23,-3,0.9,-1,39,101,94
15/05/2019 09:06,0,23,-2,0.9,-1,40,101,93
15/05/2019 09:06,0,22,-2,0.9,-1,40,101,93
15/05/2019 09:07,0,22,-2,0.9,-1,39,101,93
15/05/2019 09:07,0,22,-2,0.9,-1,38,100,94
15/05/2019 09:07,0,22,-2,0.9,-1,39,101,94
15/05/2019 09:07,0,22,-4,0.9,-1,40,101,93
15/05/2019 09:07,0,22,0,0.9,-1,40,99,93
15/05/2019 09:07,0,22,-2,0.9,-1,40,100,93
15/05/2019 09:08,0,21,-3,0.9,-1,40,100,94
15/05/2019 09:08,0,22,-2,0.9,-1,41,101,94
15/05/2019 09:08,0,22,-3,0.9,-1,41,101,93
15/05/2019 09:08,0,21,-2,0.9,-1,41,101,93
15/05/2019 09:08,0,21,-4,0.9,-1,42,100,93
15/05/2019 09:08,0,22,-2,0.9,-1,42,101,93
15/05/2019 09:09,0,22,0,0.9,-1,41,101,94
15/05/2019 09:09,0,23,0,0.9,-1,41,101,93
15/05/2019 09:09,0,23,0,0.9,-1,40,101,93
15/05/2019 09:09,0,23,0,0.9,-1,40,101,93
15/05/2019 09:09,0,23,-2,0.9,-1,39,101,93
15/05/2019 09:09,0,23,-2,0.9,-1,39,101,93
15/05/2019 09:10,0,22,-2,0.9,-1,39,101,93
15/05/2019 09:10,0,22,0,0.9,-1,39,101,93
15/05/2019 09:10,0,22,-3,0.9,-1,39,101,93
15/05/2019 09:10,0,22,-2,0.9,-1,40,101,93
15/05/2019 09:10,0,22,-2,0.9,-1,40,101,93
15/05/2019 09:10,0,22,0,0.9,-1,40,101,93
15/05/2019 09:11,0,22,-2,0.9,-1,39,100,93
15/05/2019 09:11,0,22,-2,0.9,-1,39,101,93
15/05/2019 09:11,0,22,0,0.9,-1,39,101,93
15/05/2019 09:11,0,23,-2,0.9,-1,39,101,93
15/05/2019 09:11,0,23,-2,0.9,-1,39,101,93
15/05/2019 09:11,0,23,0,0.9,-1,39,101,93
15/05/2019 09:12,0,23,-2,0.9,-1,39,101,93
15/05/2019 09:12,0,22,-2,0.9,-1,39,101,93
15/05/2019 09:12,0,22,-2,0.9,-1,39,101,93
15/05/2019 09:12,0,22,-2,0.9,-1,39,101,93
15/05/2019 09:12,0,22,-2,0.9,-1,39,101,93
15/05/2019 09:13,0,22,0,0.9,-1,39,101,93
15/05/2019 09:13,0,23,-2,0.9,-1,39,101,93
15/05/2019 09:13,0,23,0,0.9,-1,39,101,94
15/05/2019 09:13,0,23,0,0.9,-1,39,101,93
15/05/2019 09:13,0,23,0,0.9,-1,39,101,93
15/05/2019 09:13,0,23,0,0.9,-1,38,101,93
15/05/2019 09:14,0,23,-2,0.9,-1,38,101,94
15/05/2019 09:14,0,23,0,0.9,-1,38,100,93
15/05/2019 09:14,0,23,-2,0.9,-1,38,101,93
15/05/2019 09:14,0,23,-2,0.9,-1,38,100,93
15/05/2019 09:14,0,23,0,0.9,-1,39,101,93
15/05/2019 09:14,0,23,-2,0.9,-1,40,100,93
15/05/2019 09:15,0,23,0,0.9,-1,39,101,93
15/05/2019 09:15,0,23,-3,0.9,-1,39,100,93
15/05/2019 09:15,0,24,-3,0.9,-1,40,101,94
15/05/2019 09:15,0,23,-3,0.9,-1,39,101,93
15/05/2019 09:15,0,23,-3,0.9,-1,38,101,93
15/05/2019 09:15,0,23,-2,0.9,-1,38,101,93
15/05/2019 09:16,0,23,-3,0.9,-1,38,100,93
15/05/2019 09:16,0,23,-3,0.9,-1,38,100,93
15/05/2019 09:16,0,24,-2,0.9,-1,38,101,93
15/05/2019 09:16,0,23,-3,0.9,-1,38,101,93
15/05/2019 09:16,0,24,-4,0.9,-1,37,102,93
15/05/2019 09:16,0,24,-2,0.9,-1,37,101,94
15/05/2019 09:17,0,24,-2,0.9,-1,37,101,93
15/05/2019 09:17,0,24,-2,0.9,-1,37,101,93
15/05/2019 09:17,0,23,-2,0.9,-1,37,101,93
15/05/2019 09:17,0,23,-2,0.9,-1,37,101,93
15/05/2019 09:17,0,24,-3,0.9,-1,38,102,93
15/05/2019 09:17,0,24,-3,0.9,-1,38,101,93
15/05/2019 09:18,0,24,-2,0.9,-1,37,101,93
15/05/2019 09:18,0,24,-2,0.9,-1,37,101,93
15/05/2019 09:18,0,24,-3,0.9,-1,36,101,93
15/05/2019 09:18,0,23,-2,0.9,-1,36,101,93
15/05/2019 09:18,0,23,-3,0.9,-1,36,101,93
15/05/2019 09:18,0,23,-3,0.9,-1,37,101,93
15/05/2019 09:19,0,23,-2,0.9,-1,38,101,93
15/05/2019 09:19,0,23,-3,0.9,-1,38,101,93
15/05/2019 09:19,0,23,-4,0.9,-1,37,101,93
15/05/2019 09:19,0,23,-2,0.9,-1,37,101,93
15/05/2019 09:19,0,23,-3,0.9,-1,37,101,93
15/05/2019 09:19,0,23,-2,0.9,-1,36,102,93
15/05/2019 09:20,0,23,-2,0.9,-1,37,101,93
15/05/2019 09:20,0,23,-3,0.9,-1,37,101,93
15/05/2019 09:20,0,24,-3,0.9,-1,37,101,93
15/05/2019 09:20,0,24,-4,0.9,-1,37,101,93
15/05/2019 09:20,0,24,-2,0.9,-1,37,101,93
15/05/2019 09:20,0,23,-2,0.9,-1,37,101,93
15/05/2019 09:21,0,23,-2,0.9,-1,37,101,93
15/05/2019 09:21,0,23,-2,0.9,-1,39,101,93
15/05/2019 09:21,0,23,-3,0.9,-1,39,101,93
15/05/2019 09:21,0,23,-2,0.9,-1,39,101,93
15/05/2019 09:21,0,23,0,0.9,-1,39,101,93
15/05/2019 09:21,0,23,-2,0.9,-1,38,101,93
15/05/2019 09:22,0,23,-2,0.9,-1,38,101,93
15/05/2019 09:22,0,23,-2,0.9,-1,38,101,93
15/05/2019 09:22,0,23,-3,0.9,-1,38,101,93
15/05/2019 09:22,0,23,-2,0.9,-1,37,101,93
15/05/2019 09:22,0,23,-2,0.9,-1,38,100,93
15/05/2019 09:23,0,23,0,0.9,-1,40,101,93
15/05/2019 09:23,0,24,-2,0.9,-1,41,101,93
15/05/2019 09:23,0,24,0,0.9,-1,40,101,93
15/05/2019 09:23,0,24,-2,0.9,-1,39,101,93
15/05/2019 09:23,0,24,0,0.9,-1,38,101,92
15/05/2019 09:23,0,24,0,0.9,-1,37,101,93
15/05/2019 09:24,0,23,-2,0.9,-1,37,101,93
15/05/2019 09:24,0,24,-2,0.9,-1,36,101,93
15/05/2019 09:24,0,23,-2,0.9,-1,37,102,93
15/05/2019 09:24,0,24,-2,0.9,-1,37,101,93
15/05/2019 09:24,0,24,-3,0.9,-1,37,101,92
15/05/2019 09:24,0,24,-2,0.9,-1,37,101,93
15/05/2019 09:25,0,24,-3,0.9,-1,38,101,93
15/05/2019 09:25,0,24,-3,0.9,-1,36,101,93
15/05/2019 09:25,0,24,-2,0.9,-1,36,101,93
15/05/2019 09:25,0,24,-2,0.9,-1,37,102,93
15/05/2019 09:25,0,24,-2,0.9,-1,38,101,93
15/05/2019 09:25,0,24,-4,0.9,-1,38,101,93
15/05/2019 09:26,0,23,-6,0.9,-1,38,100,93
15/05/2019 09:26,0,23,-8,0.9,-1,38,101,93
15/05/2019 09:26,0,23,-8,0.9,-1,38,100,93
15/05/2019 09:26,0,23,-9,0.9,-1,38,101,93
15/05/2019 09:26,0,23,-8,0.9,-1,38,101,93
15/05/2019 09:26,0,23,-8,0.9,-1,39,101,93
15/05/2019 09:27,0,23,-8,0.9,-1,38,101,93
15/05/2019 09:27,0,23,-9,0.9,-1,37,101,93
15/05/2019 09:27,0,23,-8,0.9,-1,38,101,92
15/05/2019 09:27,0,23,-8,0.9,-1,39,101,93
15/05/2019 09:27,0,23,-7,0.9,-1,39,101,93
15/05/2019 09:27,0,23,-9,0.9,-1,39,101,93
15/05/2019 09:28,0,23,-9,0.9,-1,38,101,93
15/05/2019 09:28,0,23,-6,0.9,-1,38,102,93
15/05/2019 09:28,0,23,-7,0.9,-1,38,102,93
15/05/2019 09:28,0,23,-10,0.9,-1,39,101,93
15/05/2019 09:28,0,23,-8,0.9,-1,39,101,93
15/05/2019 09:28,0,23,-9,0.9,-1,38,101,93
15/05/2019 09:29,0,23,-9,0.9,-1,39,101,92
15/05/2019 09:29,0,23,-8,0.9,-1,38,101,93
15/05/2019 09:29,0,24,-9,0.9,-1,36,101,93
15/05/2019 09:29,0,24,-9,0.9,-1,37,101,93
15/05/2019 09:29,0,24,-9,0.9,-1,36,101,93
15/05/2019 09:29,0,24,-9,0.9,-1,37,101,93
15/05/2019 09:30,0,24,-8,0.9,-1,37,101,93
15/05/2019 09:30,0,24,-9,0.9,-1,37,101,92
15/05/2019 09:30,0,23,-9,0.9,-1,37,101,92
15/05/2019 09:30,0,23,-9,0.9,-1,37,101,92
15/05/2019 09:30,0,23,-11,0.9,-1,37,101,92
15/05/2019 09:30,0,23,-15,0.9,-1,38,101,92
15/05/2019 09:31,0,23,-17,0.9,-1,38,101,93
15/05/2019 09:31,0,23,-18,0.9,-1,37,101,93
15/05/2019 09:31,0,23,-17,0.9,-1,36,101,93
15/05/2019 09:31,0,23,-18,0.9,-1,37,101,93
15/05/2019 09:31,0,23,-18,0.9,-1,37,101,93
15/05/2019 09:31,0,23,-17,0.9,-1,36,101,93
15/05/2019 09:32,0,23,-21,0.9,-1,37,101,91
15/05/2019 09:32,0,23,-22,0.9,-1,37,101,93
15/05/2019 09:32,0,23,-21,0.9,-1,37,101,93
15/05/2019 09:32,0,23,-23,0.9,-1,37,101,93
15/05/2019 09:32,0,24,-21,0.9,-1,37,102,93
15/05/2019 09:32,0,24,-22,0.9,-1,37,101,93
15/05/2019 09:33,0,24,-21,0.9,-1,36,101,92
15/05/2019 09:33,0,24,-22,0.9,-1,36,100,92
15/05/2019 09:33,0,24,-21,0.9,-1,36,101,92
15/05/2019 09:33,0,24,-22,0.9,-1,36,101,93
15/05/2019 09:33,0,24,-22,0.9,-1,36,101,92
15/05/2019 09:34,0,24,-22,0.9,-1,35,101,93
15/05/2019 09:34,0,24,-20,0.9,-1,36,101,93
15/05/2019 09:34,0,24,-21,0.9,-1,36,101,93
15/05/2019 09:34,0,24,-22,0.9,-1,35,101,92
15/05/2019 09:34,0,24,-22,0.9,-1,35,101,93
15/05/2019 09:34,0,24,-22,0.9,-1,37,101,93
15/05/2019 09:35,0,24,-22,0.9,-1,36,101,92
15/05/2019 09:35,0,24,-22,0.9,-1,37,101,92
15/05/2019 09:35,0,24,-23,0.9,-1,36,101,92
15/05/2019 09:35,0,25,-22,0.9,-1,36,101,92
15/05/2019 09:35,0,24,-21,0.9,-1,36,101,93
15/05/2019 09:35,0,24,-21,0.9,-1,36,102,92
15/05/2019 09:36,0,24,-22,0.9,-1,36,101,93
15/05/2019 09:36,0,24,-21,0.9,-1,36,101,92
15/05/2019 09:36,0,24,-22,0.9,-1,36,101,92
15/05/2019 09:36,0,24,-21,0.9,-1,37,101,92
15/05/2019 09:36,0,25,-21,0.9,-1,37,101,92
15/05/2019 09:36,0,24,-21,0.9,-1,36,101,93
15/05/2019 09:37,0,24,-20,0.9,-1,36,101,93
15/05/2019 09:37,0,25,-21,0.9,-1,37,101,93
15/05/2019 09:37,0,25,-20,0.9,-1,37,101,93
15/05/2019 09:37,0,25,-20,0.9,-1,36,101,93
15/05/2019 09:37,0,26,-20,0.9,-1,36,101,92
15/05/2019 09:37,0,26,-22,0.9,-1,36,101,92
15/05/2019 09:38,0,26,-19,0.9,-1,35,101,92
15/05/2019 09:38,0,26,-20,0.9,-1,34,101,93
15/05/2019 09:38,10,26,-19,0.9,-1,34,101,93
15/05/2019 09:38,11,27,-20,0.9,-1,34,101,93
15/05/2019 09:38,15,27,-19,0.9,-1,32,101,93
15/05/2019 09:38,19,27,-20,0.9,-1,32,101,92
15/05/2019 09:39,17,27,-21,0.9,-1,32,101,92
15/05/2019 09:39,20,28,-19,0.9,-1,32,101,93
15/05/2019 09:39,25,28,-18,0.9,-1,31,101,93
15/05/2019 09:39,27,28,-19,0.9,-1,31,101,92
15/05/2019 09:39,41,29,-17,0.9,-1,31,101,93
15/05/2019 09:39,47,29,-17,0.9,-1,31,101,93
15/05/2019 09:40,35,29,-17,0.9,-1,31,101,93
15/05/2019 09:40,41,29,-17,0.9,-1,30,101,93
15/05/2019 09:40,45,29,-18,0.9,-1,30,101,92
15/05/2019 09:40,47,29,-17,0.9,-1,30,101,93
15/05/2019 09:40,91,30,-17,0.9,-1,29,101,92
15/05/2019 09:40,61,30,-18,0.9,-1,31,101,93
15/05/2019 09:41,53,30,-17,0.9,-1,29,101,92
15/05/2019 09:41,56,30,-16,0.9,-1,29,100,93
15/05/2019 09:41,63,31,-14,0.9,-1,30,101,92
15/05/2019 09:41,72,31,-17,0.9,-1,29,101,93
15/05/2019 09:41,70,31,-16,0.9,-1,29,101,92
15/05/2019 09:41,57,31,-13,0.9,-1,30,101,92
15/05/2019 09:42,72,32,-15,0.9,-1,28,101,92
15/05/2019 09:42,61,31,-13,0.9,-1,28,101,92
15/05/2019 09:42,75,32,-13,0.9,-1,26,101,92
15/05/2019 09:42,99,32,-13,0.9,-1,28,101,92
15/05/2019 09:42,110,32,-13,0.9,-1,28,101,92
15/05/2019 09:42,98,33,-13,0.9,-1,28,101,91
15/05/2019 09:43,89,33,-12,0.9,-1,28,101,92
15/05/2019 09:43,99,33,-12,0.9,-1,26,101,91
15/05/2019 09:43,132,34,-11,0.9,-1,26,101,92
15/05/2019 09:43,114,34,-11,0.9,-1,27,101,92
15/05/2019 09:43,116,34,-10,0.9,-1,26,100,92
15/05/2019 09:43,128,35,-12,0.9,-1,26,101,91
15/05/2019 09:44,118,35,-11,0.9,-1,25,101,92
15/05/2019 09:44,140,34,-12,0.9,-1,24,101,92
15/05/2019 09:44,140,35,-9,0.9,-1,24,101,93
15/05/2019 09:44,137,34,-12,0.9,-1,24,101,90
15/05/2019 09:44,113,35,-9,0.9,-1,26,101,92
15/05/2019 09:45,163,36,-5,0.9,-1,25,100,92
15/05/2019 09:45,190,36,-7,0.9,-1,25,100,93
15/05/2019 09:45,163,36,-5,0.9,-1,23,101,92
15/05/2019 09:45,192,36,-6,0.9,-1,23,101,92
15/05/2019 09:45,165,36,-6,0.9,-1,23,100,93
15/05/2019 09:45,120,37,-4,0.9,-1,23,101,90
15/05/2019 09:46,136,37,-6,0.9,-1,22,100,92
15/05/2019 09:46,85,37,-6,0.9,-1,23,100,92
15/05/2019 09:46,87,36,-5,0.9,-1,21,100,92
15/05/2019 09:46,70,34,-13,0.9,-1,22,101,91
15/05/2019 09:46,62,36,-12,0.9,-1,23,101,91
15/05/2019 09:46,83,37,-8,0.9,-1,23,101,90
15/05/2019 09:47,76,36,-9,0.9,-1,23,101,92
15/05/2019 09:47,69,36,-9,0.9,-1,22,101,91
15/05/2019 09:47,102,37,-6,0.9,-1,22,101,92
15/05/2019 09:47,139,37,-4,0.9,-1,23,101,92
15/05/2019 09:47,116,37,-4,0.9,-1,22,101,92
15/05/2019 09:47,144,38,-4,0.9,-1,21,101,91
15/05/2019 09:48,133,38,-7,0.9,-1,22,101,91
15/05/2019 09:48,201,38,-5,0.9,-1,20,101,91
15/05/2019 09:48,199,38,-2,0.9,-1,22,101,91
15/05/2019 09:48,226,38,-5,0.9,-1,23,101,91
15/05/2019 09:48,247,38,-5,0.9,-1,24,101,91
15/05/2019 09:48,208,38,-5,0.9,-1,22,101,91
15/05/2019 09:49,163,37,-2,0.9,-1,21,101,91
15/05/2019 09:49,247,38,-4,0.9,-1,22,101,92
15/05/2019 09:49,247,38,-4,0.9,-1,26,101,91
15/05/2019 09:49,247,38,-3,0.9,-1,24,101,91
15/05/2019 09:49,247,38,-4,0.9,-1,25,101,91
15/05/2019 09:49,247,38,-4,0.9,-1,24,101,90
15/05/2019 09:50,247,37,-4,0.9,-1,22,101,91
15/05/2019 09:50,247,37,-3,0.9,-1,24,101,91
15/05/2019 09:50,247,37,-5,0.9,-1,23,101,91
15/05/2019 09:50,247,35,-4,0.9,-1,25,101,91
15/05/2019 09:50,247,36,-4,0.9,-1,22,101,90
15/05/2019 09:50,247,35,-4,0.9,-1,24,101,92
15/05/2019 09:51,247,34,-3,0.9,-1,24,101,91
15/05/2019 09:51,247,35,-3,0.9,-1,23,101,91
15/05/2019 09:51,247,35,-4,0.9,-1,24,101,91
15/05/2019 09:51,247,33,-4,0.9,-1,22,101,90
15/05/2019 09:51,247,33,-3,0.9,-1,23,101,91
15/05/2019 09:51,247,34,-4,0.9,-1,26,101,91
15/05/2019 09:52,247,35,-4,0.9,-1,24,101,91
15/05/2019 09:52,188,35,-5,0.9,-1,24,101,91
15/05/2019 09:52,115,33,-3,0.9,-1,23,101,90
15/05/2019 09:52,168,33,-4,0.9,-1,23,101,91
15/05/2019 09:52,102,31,-4,0.9,-1,26,101,91
15/05/2019 09:52,76,30,-4,0.9,-1,26,101,91
15/05/2019 09:53,85,30,-4,0.9,-1,27,101,91
15/05/2019 09:53,66,29,-2,0.9,-1,29,101,92
15/05/2019 09:53,80,29,-3,0.9,-1,28,101,91
15/05/2019 09:53,81,29,-4,0.9,-1,28,101,91
15/05/2019 09:53,89,29,-4,0.9,-1,28,101,91
15/05/2019 09:53,60,28,-3,0.9,-1,28,101,92
15/05/2019 09:54,60,28,-3,0.9,-1,29,101,92
15/05/2019 09:54,102,29,-4,0.9,-1,29,101,91
15/05/2019 09:54,99,29,-3,0.9,-1,31,101,92
15/05/2019 09:54,106,29,-3,0.9,-1,29,101,91
15/05/2019 09:54,88,28,-3,0.9,-1,31,101,91
15/05/2019 09:55,92,28,-2,0.9,-1,31,101,91
15/05/2019 09:55,71,28,-3,0.9,-1,31,101,91
15/05/2019 09:55,74,28,-3,0.9,-1,32,101,91
15/05/2019 09:55,70,27,-3,0.9,-1,32,101,91
15/05/2019 09:55,69,27,-4,0.9,-1,31,101,92
15/05/2019 09:55,46,27,-4,0.9,-1,33,101,91
15/05/2019 09:56,60,28,-2,0.9,-1,32,101,91
15/05/2019 09:56,89,29,-4,0.9,-1,32,101,92
15/05/2019 09:56,75,29,0,0.9,-1,32,101,91
15/05/2019 09:56,61,29,-2,0.9,-1,31,101,92
15/05/2019 09:56,78,28,-4,0.9,-1,31,101,91
15/05/2019 09:56,64,28,-2,0.9,-1,33,101,92
15/05/2019 09:57,58,29,-3,0.9,-1,32,101,91
15/05/2019 09:57,52,30,-2,0.9,-1,31,101,91
15/05/2019 09:57,53,29,-2,0.9,-1,29,101,92
15/05/2019 09:57,53,28,-2,0.9,-1,30,101,91
15/05/2019 09:57,71,28,-3,0.9,-1,30,101,90
15/05/2019 09:57,70,27,-3,0.9,-1,32,101,91
15/05/2019 09:58,77,28,-3,0.9,-1,34,101,91
15/05/2019 09:58,66,28,-5,0.9,-1,33,101,92
15/05/2019 09:58,54,29,-6,0.9,-1,32,101,91
15/05/2019 09:58,47,29,-10,0.9,-1,31,101,92
15/05/2019 09:58,35,29,-9,0.9,-1,31,101,91
15/05/2019 09:58,35,29,-11,0.9,-1,31,101,91
15/05/2019 09:59,29,29,-12,0.9,-1,31,101,91
15/05/2019 09:59,27,28,-13,0.9,-1,31,101,91
15/05/2019 09:59,29,28,-14,0.9,-1,32,101,91
15/05/2019 09:59,18,28,-18,0.9,-1,32,101,92
15/05/2019 09:59,16,28,-17,0.9,-1,31,101,91
15/05/2019 09:59,11,28,-19,0.9,-1,32,101,91
15/05/2019 10:00,0,28,-20,0.9,-1,32,101,92
15/05/2019 10:00,0,28,-22,0.9,-1,32,101,91
15/05/2019 10:00,0,28,-22,0.9,-1,32,101,91
15/05/2019 10:00,0,28,-24,0.9,-1,32,101,93
15/05/2019 10:00,0,28,-24,0.9,-1,32,101,92
15/05/2019 10:00,0,28,-25,0.9,-1,32,100,92
15/05/2019 10:01,0,27,-25,0.9,-1,32,101,92
15/05/2019 10:01,0,27,-25,0.9,-1,32,101,91
15/05/2019 10:01,0,27,-26,0.9,-1,33,101,92
15/05/2019 10:01,0,26,-25,0.9,-1,33,101,92
15/05/2019 10:01,0,27,-25,0.9,-1,32,100,91
15/05/2019 10:01,0,26,-25,0.9,-1,33,101,92
15/05/2019 10:02,0,26,-25,0.9,-1,33,100,91
15/05/2019 10:02,0,25,-25,0.9,-1,33,101,91
15/05/2019 10:02,0,26,-25,0.9,-1,34,101,91
15/05/2019 10:02,0,26,-25,0.9,-1,35,101,91
15/05/2019 10:02,0,25,-25,0.9,-1,34,101,92
15/05/2019 10:02,0,26,-24,0.9,-1,36,101,91
15/05/2019 10:03,0,26,-25,0.9,-1,36,101,91
15/05/2019 10:03,0,26,-24,0.9,-1,35,101,91
15/05/2019 10:03,0,25,-26,0.9,-1,35,101,92
15/05/2019 10:03,0,25,-26,0.9,-1,35,101,92
15/05/2019 10:03,0,25,-26,0.9,-1,36,101,92
15/05/2019 10:03,0,25,-26,0.9,-1,35,99,92
15/05/2019 10:04,0,25,-24,0.9,-1,35,101,91
15/05/2019 10:04,0,24,-25,0.9,-1,36,101,92
15/05/2019 10:04,0,24,-25,0.9,-1,36,101,91
15/05/2019 10:04,0,25,-26,0.9,-1,36,101,91
15/05/2019 10:04,0,24,-25,0.9,-1,36,101,92
15/05/2019 10:05,0,25,-25,0.9,-1,35,101,91
15/05/2019 10:05,0,24,-25,0.9,-1,36,101,91
15/05/2019 10:05,0,24,-26,0.9,-1,37,101,91
15/05/2019 10:05,0,24,-26,0.9,-1,37,101,92
15/05/2019 10:05,0,24,-26,0.9,-1,37,101,92
15/05/2019 10:05,0,24,-26,0.9,-1,36,101,91
15/05/2019 10:06,0,24,-25,0.9,-1,36,101,91
15/05/2019 10:06,0,24,-26,0.9,-1,37,101,91
15/05/2019 10:06,0,24,-26,0.9,-1,38,101,91
15/05/2019 10:06,0,24,-26,0.9,-1,39,101,91
15/05/2019 10:06,0,24,-26,0.9,-1,38,101,91
15/05/2019 10:06,0,24,-25,0.9,-1,38,101,91
15/05/2019 10:07,0,24,-25,0.9,-1,39,101,91
15/05/2019 10:07,0,24,-25,0.9,-1,38,101,90
15/05/2019 10:07,0,24,-25,0.9,-1,38,101,90
15/05/2019 10:07,0,24,-26,0.9,-1,39,101,90
15/05/2019 10:07,0,24,-25,0.9,-1,39,101,91
15/05/2019 10:07,0,24,-25,0.9,-1,39,101,90
15/05/2019 10:08,0,24,-26,0.9,-1,38,101,91
15/05/2019 10:08,0,25,-25,0.9,-1,38,101,91
15/05/2019 10:08,0,24,-26,0.9,-1,37,100,91
15/05/2019 10:08,0,25,-26,0.9,-1,36,101,91
15/05/2019 10:08,0,25,-25,0.9,-1,36,101,91
15/05/2019 10:08,0,25,-25,0.9,-1,35,101,91
15/05/2019 10:09,0,25,-26,0.9,-1,35,101,90
15/05/2019 10:09,0,26,-26,0.9,-1,35,101,91
15/05/2019 10:09,0,25,-25,0.9,-1,35,101,91
15/05/2019 10:09,0,25,-25,0.9,-1,35,101,90
15/05/2019 10:09,0,26,-27,0.9,-1,36,101,91
15/05/2019 10:09,0,26,-26,0.9,-1,36,101,91
15/05/2019 10:10,0,25,-26,0.9,-1,36,101,91
15/05/2019 10:10,0,24,-27,0.9,-1,35,101,91
15/05/2019 10:10,0,25,-26,0.9,-1,35,101,90
15/05/2019 10:10,0,25,-27,0.9,-1,35,101,91
15/05/2019 10:10,0,25,-27,0.9,-1,35,101,91
15/05/2019 10:10,0,25,-26,0.9,-1,34,101,91
15/05/2019 10:11,0,25,-25,0.9,-1,35,101,91
15/05/2019 10:11,0,26,-26,0.9,-1,34,101,91
15/05/2019 10:11,0,25,-26,0.9,-1,34,101,90
15/05/2019 10:11,0,25,-26,0.9,-1,34,100,90
15/05/2019 10:11,0,25,-26,0.9,-1,35,101,89
15/05/2019 10:11,0,25,-26,0.9,-1,35,101,90
15/05/2019 10:12,0,25,-27,0.9,-1,34,101,90
15/05/2019 10:12,0,25,-26,0.9,-1,34,101,90
15/05/2019 10:12,0,24,-26,0.9,-1,35,101,90
15/05/2019 10:12,0,24,-26,0.9,-1,35,101,90
15/05/2019 10:12,0,24,-25,0.9,-1,36,101,90
15/05/2019 10:12,0,25,-22,0.9,-1,36,102,90
15/05/2019 10:13,0,25,-22,0.9,-1,36,101,89
15/05/2019 10:13,0,25,-23,0.9,-1,35,101,90
15/05/2019 10:13,0,24,-23,0.9,-1,35,101,90
15/05/2019 10:13,0,24,-23,0.9,-1,35,101,89
15/05/2019 10:13,0,24,-26,0.9,-1,36,101,89
15/05/2019 10:13,0,25,-25,0.9,-1,37,101,90
15/05/2019 10:14,0,25,-26,0.9,-1,36,102,90
15/05/2019 10:14,0,25,-27,0.9,-1,35,101,90
15/05/2019 10:14,0,25,-25,0.9,-1,36,102,89
15/05/2019 10:14,0,25,-26,0.9,-1,35,101,91
15/05/2019 10:14,0,25,-26,0.9,-1,35,101,90
15/05/2019 10:14,0,25,-26,0.9,-1,34,101,89
15/05/2019 10:15,0,25,-26,0.9,-1,34,101,90
15/05/2019 10:15,0,25,-26,0.9,-1,34,101,90
15/05/2019 10:15,0,25,-26,0.9,-1,34,101,90
15/05/2019 10:15,0,25,-26,0.9,-1,35,101,89
15/05/2019 10:15,0,25,-27,0.9,-1,38,101,90
15/05/2019 10:16,0,25,-25,0.9,-1,35,101,89
15/05/2019 10:16,0,25,-26,0.9,-1,34,101,89
15/05/2019 10:16,0,26,-25,0.9,-1,34,101,90
15/05/2019 10:16,0,25,-26,0.9,-1,35,101,89
15/05/2019 10:16,0,25,-26,0.9,-1,34,101,89
15/05/2019 10:16,0,25,-26,0.9,-1,35,101,90
15/05/2019 10:17,0,25,-26,0.9,-1,36,101,87
15/05/2019 10:17,0,25,-26,0.9,-1,36,101,89
15/05/2019 10:17,0,25,-27,0.9,-1,36,100,89
15/05/2019 10:17,0,25,-27,0.9,-1,37,101,88
15/05/2019 10:17,0,24,-25,0.9,-1,37,99,89
15/05/2019 10:17,0,24,-27,0.9,-1,38,101,90
15/05/2019 10:18,0,24,-27,0.9,-1,38,101,89
15/05/2019 10:18,0,24,-27,0.9,-1,38,101,89
15/05/2019 10:18,0,24,-27,0.9,-1,38,101,90
15/05/2019 10:18,0,24,-26,0.9,-1,39,101,89
15/05/2019 10:18,0,25,-27,0.9,-1,39,101,89
15/05/2019 10:18,0,25,-26,0.9,-1,37,101,89
15/05/2019 10:19,0,24,-27,0.9,-1,37,101,88
15/05/2019 10:19,0,25,-26,0.9,-1,36,100,89
15/05/2019 10:19,0,25,-26,0.9,-1,36,101,89
15/05/2019 10:19,0,25,-26,0.9,-1,34,101,88
15/05/2019 10:19,0,25,-27,0.9,-1,33,101,89
15/05/2019 10:19,0,25,-26,0.9,-1,32,100,89
15/05/2019 10:20,0,25,-26,0.9,-1,33,101,89
15/05/2019 10:20,0,25,-24,0.9,-1,33,100,89
15/05/2019 10:20,0,24,-26,0.9,-1,34,100,89
15/05/2019 10:20,0,24,-26,0.9,-1,35,70,89
15/05/2019 10:20,0,24,-26,0.9,-1,36,100,89
15/05/2019 10:20,0,24,-28,0.9,-1,37,101,89
15/05/2019 10:21,0,25,-32,0.9,-1,35,101,88
15/05/2019 10:21,0,25,-34,0.9,-1,35,101,88
15/05/2019 10:21,0,25,-36,0.9,-1,34,101,88
15/05/2019 10:21,0,25,-37,0.9,-1,34,101,89
15/05/2019 10:21,0,25,-39,0.9,-1,35,100,87
15/05/2019 10:21,0,24,-39,0.9,-1,34,100,89
15/05/2019 10:22,0,25,-38,0.9,-1,34,101,88
15/05/2019 10:22,0,25,-39,0.9,-1,34,101,89
15/05/2019 10:22,0,24,-39,0.9,-1,33,100,88
15/05/2019 10:22,0,25,-38,0.9,-1,34,101,89
15/05/2019 10:22,0,25,-39,0.9,-1,34,100,88
15/05/2019 10:22,0,25,-38,0.9,-1,33,101,89
15/05/2019 10:23,0,25,-39,0.9,-1,34,99,88
15/05/2019 10:23,0,25,-38,0.9,-1,34,100,88
15/05/2019 10:23,0,25,-39,0.9,-1,34,9,88
15/05/2019 10:23,0,25,-39,0.9,-1,34,100,88
15/05/2019 10:23,0,25,-39,0.9,-1,34,101,88
15/05/2019 10:23,0,25,-40,0.9,-1,35,101,87
15/05/2019 10:24,0,24,-38,0.9,-1,34,100,88
15/05/2019 10:24,0,24,-38,0.9,-1,34,100,89
15/05/2019 10:24,0,24,-40,0.9,-1,34,101,87
15/05/2019 10:24,0,25,-39,0.9,-1,35,101,87
15/05/2019 10:24,0,25,-40,0.9,-1,34,101,87
15/05/2019 10:24,0,25,-38,0.9,-1,33,100,88
15/05/2019 10:25,0,26,-38,0.9,-1,33,101,88
15/05/2019 10:25,0,26,-38,0.9,-1,33,101,88
15/05/2019 10:25,0,25,-39,0.9,-1,35,101,87
15/05/2019 10:25,0,26,-38,0.9,-1,34,101,88
15/05/2019 10:25,0,26,-39,0.9,-1,34,101,88
15/05/2019 10:25,0,26,-39,0.9,-1,34,101,86
15/05/2019 10:26,0,26,-39,0.9,-1,33,101,87
15/05/2019 10:26,0,26,-39,0.9,-1,34,101,87
15/05/2019 10:26,0,26,-38,0.9,-1,35,101,88
15/05/2019 10:26,0,25,-39,0.9,-1,35,101,88
15/05/2019 10:26,0,26,-38,0.9,-1,33,101,87
15/05/2019 10:27,0,26,-39,0.9,-1,33,101,87
15/05/2019 10:27,0,26,-38,0.9,-1,32,101,86
15/05/2019 10:27,0,25,-38,0.9,-1,33,101,88
15/05/2019 10:27,0,26,-38,0.9,-1,32,101,87
15/05/2019 10:27,0,25,-38,0.9,-1,31,101,87
15/05/2019 10:27,0,26,-38,0.9,-1,32,101,88
15/05/2019 10:28,0,26,-38,0.9,-1,32,101,87
15/05/2019 10:28,0,26,-38,0.9,-1,33,101,87
15/05/2019 10:28,0,26,-38,0.9,-1,33,101,86
15/05/2019 10:28,0,26,-39,0.9,-1,34,101,86
15/05/2019 10:28,0,26,-39,0.9,-1,33,101,87
15/05/2019 10:28,0,25,-39,0.9,-1,33,101,86
15/05/2019 10:29,0,25,-38,0.9,-1,32,101,87
15/05/2019 10:29,0,25,-38,0.9,-1,33,101,87
15/05/2019 10:29,20,26,-38,0.9,-1,34,101,86
15/05/2019 10:29,40,28,-40,0.9,-1,36,101,86
15/05/2019 10:29,84,30,-39,0.9,-1,39,101,87
15/05/2019 10:29,91,30,-39,0.9,-1,39,101,87
15/05/2019 10:30,80,30,-39,0.9,-1,37,101,87
15/05/2019 10:30,46,30,-38,0.9,-1,34,101,88
15/05/2019 10:30,23,30,-39,0.9,-1,32,101,88
15/05/2019 10:30,46,30,-40,0.9,-1,31,101,87
15/05/2019 10:30,40,30,-39,0.9,-1,31,101,87
15/05/2019 10:30,84,30,-38,0.9,-1,30,101,87
15/05/2019 10:31,62,30,-39,0.9,-1,33,101,87
15/05/2019 10:31,74,31,-39,0.9,-1,29,101,86
15/05/2019 10:31,96,31,-38,0.9,-1,31,101,85
15/05/2019 10:31,121,31,-38,0.9,-1,31,101,87
15/05/2019 10:31,164,32,-39,0.9,-1,32,101,87
15/05/2019 10:31,176,33,-38,0.9,-1,33,101,87
15/05/2019 10:32,149,33,-38,0.9,-1,32,101,87
15/05/2019 10:32,76,33,-38,0.9,-1,29,101,87
15/05/2019 10:32,64,33,-38,0.9,-1,23,101,87
15/05/2019 10:32,51,33,-37,0.9,-1,25,101,87
15/05/2019 10:32,89,33,-35,0.9,-1,25,101,87
15/05/2019 10:32,71,33,-36,0.9,-1,25,101,87
15/05/2019 10:33,66,33,-37,0.9,-1,22,101,86
15/05/2019 10:33,64,33,-37,0.9,-1,24,101,87
15/05/2019 10:33,48,32,-36,0.9,-1,25,101,86
15/05/2019 10:33,111,33,-35,0.9,-1,23,101,87
15/05/2019 10:33,149,34,-36,0.9,-1,28,101,87
15/05/2019 10:33,77,34,-37,0.9,-1,27,101,87
15/05/2019 10:34,67,33,-36,0.9,-1,22,101,86
15/05/2019 10:34,72,33,-35,0.9,-1,21,101,87
15/05/2019 10:34,77,33,-36,0.9,-1,21,101,86
15/05/2019 10:34,62,33,-36,0.9,-1,22,101,86
15/05/2019 10:34,43,32,-35,0.9,-1,22,101,86
15/05/2019 10:34,41,32,-37,0.9,-1,22,101,87
15/05/2019 10:35,44,32,-35,0.9,-1,24,101,86
15/05/2019 10:35,41,33,-35,0.9,-1,24,101,87
15/05/2019 10:35,85,34,-37,0.9,-1,23,101,87
15/05/2019 10:35,74,34,-36,0.9,-1,25,101,86
15/05/2019 10:35,80,34,-34,0.9,-1,23,101,87
15/05/2019 10:35,152,35,-33,0.9,-1,23,102,87
15/05/2019 10:36,190,35,-33,0.9,-1,25,101,87
15/05/2019 10:36,172,36,-34,0.9,-1,26,101,86
15/05/2019 10:36,179,37,-34,0.9,-1,27,101,87
15/05/2019 10:36,247,40,-34,0.9,-1,23,101,86
15/05/2019 10:36,247,40,-34,0.9,-1,27,101,85
15/05/2019 10:36,247,39,-33,0.9,-1,25,101,87
15/05/2019 10:37,216,39,-31,0.9,-1,22,101,86
15/05/2019 10:37,237,40,-32,0.9,-1,23,101,86
15/05/2019 10:37,155,38,-31,0.9,-1,25,101,86
15/05/2019 10:37,120,38,-31,0.9,-1,16,101,86
15/05/2019 10:37,116,39,-31,0.9,-1,16,101,86
15/05/2019 10:38,81,38,-30,0.9,-1,18,101,86
15/05/2019 10:38,59,38,-29,0.9,-1,16,101,86
15/05/2019 10:38,51,38,-29,0.9,-1,16,101,86
15/05/2019 10:38,63,38,-31,0.9,-1,16,101,87
15/05/2019 10:38,113,38,-31,0.9,-1,16,101,86
15/05/2019 10:38,97,37,-31,0.9,-1,20,101,86
15/05/2019 10:39,75,38,-31,0.9,-1,17,101,86
15/05/2019 10:39,130,38,-30,0.9,-1,19,100,87
15/05/2019 10:39,128,37,-30,0.9,-1,21,101,87
15/05/2019 10:39,169,38,-32,0.9,-1,20,101,86
15/05/2019 10:39,124,38,-31,0.9,-1,21,101,86
15/05/2019 10:39,184,38,-31,0.9,-1,19,101,86
15/05/2019 10:40,208,39,-32,0.9,-1,19,101,87
15/05/2019 10:40,239,39,-31,0.9,-1,19,100,87
15/05/2019 10:40,197,39,-32,0.9,-1,19,100,86
15/05/2019 10:40,118,39,-30,0.9,-1,18,101,86
15/05/2019 10:40,109,38,-35,0.9,-1,17,100,85
15/05/2019 10:40,113,39,-33,0.9,-1,18,102,86
15/05/2019 10:41,115,39,-31,0.9,-1,19,101,86
15/05/2019 10:41,107,39,-30,0.9,-1,19,101,86
15/05/2019 10:41,115,39,-28,0.9,-1,19,100,86
15/05/2019 10:41,178,39,-27,0.9,-1,18,101,86
15/05/2019 10:41,139,39,-27,0.9,-1,18,101,86
15/05/2019 10:41,121,40,-27,0.9,-1,18,101,85
15/05/2019 10:42,147,40,-27,0.9,-1,17,101,86
15/05/2019 10:42,125,39,-28,0.9,-1,18,101,86
15/05/2019 10:42,72,39,-27,0.9,-1,17,101,85
15/05/2019 10:42,49,40,-27,0.9,-1,16,101,86
15/05/2019 10:42,87,38,-27,0.9,-1,17,101,86
15/05/2019 10:42,94,37,-27,0.9,-1,17,101,85
15/05/2019 10:43,129,37,-27,0.9,-1,19,101,86
15/05/2019 10:43,151,37,-26,0.9,-1,20,101,86
15/05/2019 10:43,143,37,-26,0.9,-1,19,101,86
15/05/2019 10:43,120,37,-26,0.9,-1,21,101,85
15/05/2019 10:43,99,37,-26,0.9,-1,19,101,85
15/05/2019 10:43,98,37,-26,0.9,-1,18,101,86
15/05/2019 10:44,126,38,-26,0.9,-1,20,101,87
15/05/2019 10:44,102,38,-26,0.9,-1,21,101,85
15/05/2019 10:44,79,38,-26,0.9,-1,18,101,86
15/05/2019 10:44,78,38,-26,0.9,-1,17,101,87
15/05/2019 10:44,70,38,-24,0.9,-1,18,101,86
15/05/2019 10:44,69,39,-26,0.9,-1,18,101,87
15/05/2019 10:45,60,37,-26,0.9,-1,18,101,86
15/05/2019 10:45,72,37,-24,0.9,-1,17,101,85
15/05/2019 10:45,55,38,-24,0.9,-1,18,101,86
15/05/2019 10:45,55,38,-25,0.9,-1,16,101,86
15/05/2019 10:45,51,37,-24,0.9,-1,17,101,86
15/05/2019 10:45,67,36,-24,0.9,-1,18,101,86
15/05/2019 10:46,76,38,-24,0.9,-1,20,101,85
15/05/2019 10:46,53,37,-24,0.9,-1,20,101,86
15/05/2019 10:46,40,37,-24,0.9,-1,18,101,86
15/05/2019 10:46,30,38,-23,0.9,-1,18,101,86
15/05/2019 10:46,30,38,-24,0.9,-1,17,101,86
15/05/2019 10:46,21,38,-23,0.9,-1,17,101,86
15/05/2019 10:47,35,38,-24,0.9,-1,17,101,86
15/05/2019 10:47,38,37,-25,0.9,-1,18,101,85
15/05/2019 10:47,24,37,-26,0.9,-1,18,101,85
15/05/2019 10:47,37,38,-23,0.9,-1,18,102,85
15/05/2019 10:47,28,38,-24,0.9,-1,18,101,86
15/05/2019 10:48,32,37,-25,0.9,-1,17,101,86
15/05/2019 10:48,32,37,-23,0.9,-1,17,101,86
15/05/2019 10:48,43,36,-22,0.9,-1,18,101,85
15/05/2019 10:48,34,33,-24,0.9,-1,18,101,86
15/05/2019 10:48,32,33,-24,0.9,-1,18,101,85
15/05/2019 10:48,19,33,-24,0.9,-1,20,101,85
15/05/2019 10:49,51,32,-23,0.9,-1,19,101,85
15/05/2019 10:49,38,32,-23,0.9,-1,22,101,86
15/05/2019 10:49,29,33,-23,0.9,-1,22,101,85
15/05/2019 10:49,30,33,-23,0.9,-1,22,101,85
15/05/2019 10:49,47,33,-24,0.9,-1,21,101,85
15/05/2019 10:49,28,31,-23,0.9,-1,23,101,85
15/05/2019 10:50,25,31,-23,0.9,-1,23,101,85
15/05/2019 10:50,14,32,-23,0.9,-1,26,101,85
15/05/2019 10:50,19,32,-23,0.9,-1,25,101,85
15/05/2019 10:50,10,31,-24,0.9,-1,25,101,85
15/05/2019 10:50,11,32,-24,0.9,-1,24,100,85
15/05/2019 10:50,13,32,-24,0.9,-1,25,101,85
15/05/2019 10:51,24,30,-24,0.9,-1,23,101,84
15/05/2019 10:51,32,29,-23,0.9,-1,25,101,85
15/05/2019 10:51,20,28,-23,0.9,-1,26,100,84
15/05/2019 10:51,22,29,-24,0.9,-1,26,101,85
15/05/2019 10:51,21,29,-25,0.9,-1,24,101,86
15/05/2019 10:51,21,30,-23,0.9,-1,23,101,85
15/05/2019 10:52,22,30,-24,0.9,-1,22,101,85
15/05/2019 10:52,19,30,-24,0.9,-1,22,101,85
15/05/2019 10:52,16,31,-23,0.9,-1,21,101,85
15/05/2019 10:52,12,31,-24,0.9,-1,21,101,85
15/05/2019 10:52,16,30,-24,0.9,-1,21,101,85
15/05/2019 10:52,19,30,-24,0.9,-1,23,101,85
15/05/2019 10:53,16,30,-25,0.9,-1,23,101,85
15/05/2019 10:53,24,30,-24,0.9,-1,23,101,85
15/05/2019 10:53,23,30,-22,0.9,-1,23,101,85
15/05/2019 10:53,14,30,-23,0.9,-1,23,102,84
15/05/2019 10:53,16,30,-23,0.9,-1,23,102,85
15/05/2019 10:53,22,31,-24,0.9,-1,23,102,84
15/05/2019 10:54,23,31,-24,0.9,-1,23,102,85
15/05/2019 10:54,38,31,-23,0.9,-1,23,102,85
15/05/2019 10:54,33,31,-24,0.9,-1,24,101,85
15/05/2019 10:54,20,30,-24,0.9,-1,24,101,85
15/05/2019 10:54,0,29,-25,0.9,-1,24,101,85
15/05/2019 10:54,14,29,-26,0.9,-1,24,101,85
15/05/2019 10:55,20,30,-26,0.9,-1,24,102,85
15/05/2019 10:55,23,30,-24,0.9,-1,23,102,84
15/05/2019 10:55,24,29,-26,0.9,-1,23,101,85
15/05/2019 10:55,14,29,-30,0.9,-1,23,101,84
15/05/2019 10:55,14,29,-33,0.9,-1,23,101,85
15/05/2019 10:55,0,29,-35,0.9,-1,25,100,84
15/05/2019 10:56,14,29,-31,0.9,-1,25,101,85
15/05/2019 10:56,11,29,-26,0.9,-1,26,101,84
15/05/2019 10:56,11,30,-23,0.9,-1,26,4,84
15/05/2019 10:56,0,30,-21,0.9,-1,26,0,83
15/05/2019 10:56,0,30,-19,0.9,-1,27,0,83
15/05/2019 10:57,0,29,-17,0.9,-1,27,0,83
15/05/2019 10:57,25,30,-14,0.9,-1,26,0,84
15/05/2019 10:57,31,30,-13,0.9,-1,27,0,85
15/05/2019 10:57,28,30,-11,0.9,-1,27,0,82
15/05/2019 10:57,28,30,-9,0.9,-1,27,0,83
15/05/2019 10:57,24,30,-6,0.9,-1,28,0,83
15/05/2019 10:58,16,30,-3,0.9,-1,26,0,83
15/05/2019 10:58,16,30,-2,0.9,-1,25,0,83
15/05/2019 10:58,14,30,-2,0.9,-1,27,5,83
15/05/2019 10:58,11,30,-4,0.9,-1,26,0,83
15/05/2019 10:58,14,30,-3,0.9,-1,25,0,83
15/05/2019 10:58,19,30,-3,0.9,-1,24,98,83
15/05/2019 10:59,11,30,-3,0.9,-1,24,102,84
15/05/2019 10:59,0,30,-4,0.9,-1,24,101,83
15/05/2019 10:59,0,30,-4,0.9,-1,24,101,83
15/05/2019 10:59,10,29,-5,0.9,-1,23,101,83
15/05/2019 10:59,11,29,-4,0.9,-1,23,101,84
15/05/2019 10:59,0,29,-3,0.9,-1,23,101,83
15/05/2019 11:00,0,29,-3,0.9,-1,23,101,83
15/05/2019 11:00,0,28,-5,0.9,-1,25,100,83
15/05/2019 11:00,0,28,-5,0.9,-1,23,97,82
15/05/2019 11:00,0,28,-4,0.9,-1,24,101,83
15/05/2019 11:00,0,27,-4,0.9,-1,23,99,84
15/05/2019 11:00,0,28,-2,0.9,-1,24,98,84
15/05/2019 11:01,0,29,-4,0.9,-1,25,98,84
15/05/2019 11:01,0,29,-5,0.9,-1,25,98,84
15/05/2019 11:01,0,29,-4,0.9,-1,24,96,84
15/05/2019 11:01,0,29,-5,0.9,-1,25,42,83
15/05/2019 11:01,0,29,-4,0.9,-1,25,97,84
15/05/2019 11:01,0,29,-6,0.9,-1,25,98,83
15/05/2019 11:02,0,30,-4,0.9,-1,24,98,83
15/05/2019 11:02,0,30,-5,0.9,-1,26,98,84
15/05/2019 11:02,0,30,-5,0.9,-1,26,98,84
15/05/2019 11:02,0,30,-5,0.9,-1,26,98,84
15/05/2019 11:02,0,30,-4,0.9,-1,26,99,83
15/05/2019 11:02,0,30,-5,0.9,-1,25,98,83
15/05/2019 11:03,0,30,-5,0.9,-1,25,52,82
15/05/2019 11:03,0,30,-4,0.9,-1,25,98,83
15/05/2019 11:03,0,30,-5,0.9,-1,25,98,83
15/05/2019 11:03,0,30,-5,0.9,-1,24,53,82
15/05/2019 11:03,0,30,-4,0.9,-1,23,98,83
15/05/2019 11:03,0,30,-4,0.9,-1,23,98,83
15/05/2019 11:04,0,30,-4,0.9,-1,23,99,83
15/05/2019 11:04,0,29,-5,0.9,-1,24,93,83
15/05/2019 11:04,0,29,-4,0.9,-1,23,99,82
15/05/2019 11:04,0,30,-5,0.9,-1,23,98,82
15/05/2019 11:04,0,28,-5,0.9,-1,24,100,83
15/05/2019 11:04,0,28,-4,0.9,-1,22,101,83
15/05/2019 11:05,0,27,-5,0.9,-1,22,101,83
15/05/2019 11:05,0,28,-6,0.9,-1,22,101,83
15/05/2019 11:05,0,26,-5,0.9,-1,21,101,83
15/05/2019 11:05,0,26,-6,0.9,-1,22,101,83
15/05/2019 11:05,0,26,-6,0.9,-1,23,101,83
15/05/2019 11:05,0,25,-7,0.9,-1,24,101,82
15/05/2019 11:06,0,25,-6,0.9,-1,25,101,83
15/05/2019 11:06,0,25,-6,0.9,-1,26,101,83
15/05/2019 11:06,0,25,-6,0.9,-1,26,101,83
15/05/2019 11:06,0,25,-7,0.9,-1,26,101,82
15/05/2019 11:06,0,25,-6,0.9,-1,26,101,83
15/05/2019 11:06,0,25,-6,0.9,-1,27,101,83
15/05/2019 11:07,0,25,-5,0.9,-1,27,101,82
15/05/2019 11:07,0,25,-7,0.9,-1,27,101,82
15/05/2019 11:07,0,25,-6,0.9,-1,28,101,82
15/05/2019 11:07,0,25,-6,0.9,-1,28,101,83
15/05/2019 11:07,0,25,-6,0.9,-1,29,101,82
15/05/2019 11:08,0,24,-6,0.9,-1,29,101,82
15/05/2019 11:08,0,24,-6,0.9,-1,28,101,82
15/05/2019 11:08,0,24,-7,0.9,-1,29,101,82
15/05/2019 11:08,0,24,-6,0.9,-1,29,101,81
15/05/2019 11:08,0,24,-6,0.9,-1,29,101,82
15/05/2019 11:08,0,24,-6,0.9,-1,27,101,82
15/05/2019 11:09,0,24,-6,0.9,-1,27,101,81
15/05/2019 11:09,0,23,-6,0.9,-1,27,101,82
15/05/2019 11:09,0,24,-6,0.9,-1,27,102,82
15/05/2019 11:09,0,24,-7,0.9,-1,27,101,81
15/05/2019 11:09,0,23,-6,0.9,-1,28,101,81
15/05/2019 11:09,0,23,-5,0.9,-1,26,101,82
15/05/2019 11:10,0,23,-5,0.9,-1,27,101,81
15/05/2019 11:10,0,23,-5,0.9,-1,27,101,81
15/05/2019 11:10,0,24,-6,0.9,-1,28,100,81
15/05/2019 11:10,0,24,-6,0.9,-1,28,100,82
15/05/2019 11:10,0,24,-6,0.9,-1,27,100,81
15/05/2019 11:10,0,25,-6,0.9,-1,29,58,81
15/05/2019 11:11,0,25,-6,0.9,-1,29,100,82
15/05/2019 11:11,0,25,-7,0.9,-1,28,101,82
15/05/2019 11:11,0,25,-6,0.9,-1,28,101,81
15/05/2019 11:11,0,25,-5,0.9,-1,27,101,82
15/05/2019 11:11,0,26,-4,0.9,-1,29,101,82
15/05/2019 11:11,0,26,-4,0.9,-1,29,101,81
15/05/2019 11:12,0,26,-5,0.9,-1,29,101,81
15/05/2019 11:12,0,26,-6,0.9,-1,29,100,82
15/05/2019 11:12,0,26,-6,0.9,-1,32,101,82
15/05/2019 11:12,61,26,-5,0.9,-1,31,101,81
15/05/2019 11:12,30,26,-6,0.9,-1,31,100,81
15/05/2019 11:12,15,26,-5,0.9,-1,30,102,81
15/05/2019 11:13,10,26,-5,0.9,-1,30,102,81
15/05/2019 11:13,0,27,-5,0.9,-1,28,101,82
15/05/2019 11:13,0,27,-6,0.9,-1,28,101,83
15/05/2019 11:13,0,27,-6,0.9,-1,28,102,80
15/05/2019 11:13,0,27,-6,0.9,-1,29,100,82
15/05/2019 11:13,0,27,-6,0.9,-1,27,100,81
15/05/2019 11:14,0,27,-6,0.9,-1,26,100,82
15/05/2019 11:14,0,27,-4,0.9,-1,26,99,81
15/05/2019 11:14,0,27,-5,0.9,-1,27,101,82
15/05/2019 11:14,0,27,-5,0.9,-1,27,101,80
15/05/2019 11:14,0,27,-8,0.9,-1,25,101,81
15/05/2019 11:14,0,27,-10,0.9,-1,26,101,80
15/05/2019 11:15,0,27,-12,0.9,-1,27,101,81
15/05/2019 11:15,0,26,-16,0.9,-1,27,102,81
15/05/2019 11:15,0,26,-17,0.9,-1,26,101,81
15/05/2019 11:15,0,26,-20,0.9,-1,25,101,81
15/05/2019 11:15,0,26,-23,0.9,-1,25,101,81
15/05/2019 11:15,0,26,-23,0.9,-1,25,101,80
15/05/2019 11:16,0,27,-23,0.9,-1,25,101,81
15/05/2019 11:16,0,27,-22,0.9,-1,25,101,82
15/05/2019 11:16,0,27,-22,0.9,-1,26,101,80
15/05/2019 11:16,0,27,-23,0.9,-1,26,101,82
15/05/2019 11:16,0,27,-23,0.9,-1,26,101,81
15/05/2019 11:16,0,27,-23,0.9,-1,27,101,81
15/05/2019 11:17,0,27,-23,0.9,-1,26,101,82
15/05/2019 11:17,0,27,-24,0.9,-1,24,101,81
15/05/2019 11:17,0,27,-23,0.9,-1,24,100,80
15/05/2019 11:17,0,27,-24,0.9,-1,24,101,81
15/05/2019 11:17,0,27,-24,0.9,-1,24,101,81
15/05/2019 11:17,0,27,-23,0.9,-1,24,101,81
15/05/2019 11:18,0,27,-23,0.9,-1,24,101,81
15/05/2019 11:18,0,26,-22,0.9,-1,25,101,81
15/05/2019 11:18,0,26,-23,0.9,-1,25,101,81
15/05/2019 11:18,0,26,-22,0.9,-1,26,101,81
15/05/2019 11:18,0,26,-23,0.9,-1,26,101,81
15/05/2019 11:19,0,26,-23,0.9,-1,26,101,81
15/05/2019 11:19,0,26,-24,0.9,-1,25,99,81
15/05/2019 11:19,0,26,-22,0.9,-1,25,101,81
15/05/2019 11:19,0,25,-22,0.9,-1,26,101,80
15/05/2019 11:19,0,25,-23,0.9,-1,26,100,80
15/05/2019 11:19,0,25,-23,0.9,-1,27,100,80
15/05/2019 11:20,0,25,-24,0.9,-1,28,101,80
15/05/2019 11:20,0,26,-24,0.9,-1,28,101,80
15/05/2019 11:20,0,26,-24,0.9,-1,27,101,80
15/05/2019 11:20,0,26,-23,0.9,-1,27,101,81
15/05/2019 11:20,0,27,-23,0.9,-1,27,102,81
15/05/2019 11:20,0,27,-22,0.9,-1,27,101,80
15/05/2019 11:21,0,27,-23,0.9,-1,27,101,80
15/05/2019 11:21,0,26,-23,0.9,-1,27,101,81
15/05/2019 11:21,0,26,-23,0.9,-1,25,101,80
15/05/2019 11:21,0,27,-23,0.9,-1,26,101,81
15/05/2019 11:21,0,27,-24,0.9,-1,26,101,81
15/05/2019 11:21,0,26,-22,0.9,-1,26,101,81
15/05/2019 11:22,0,26,-22,0.9,-1,25,101,81
15/05/2019 11:22,0,27,-22,0.9,-1,26,101,81
15/05/2019 11:22,0,27,-22,0.9,-1,26,101,80
15/05/2019 11:22,0,27,-22,0.9,-1,25,101,81
15/05/2019 11:22,0,27,-22,0.9,-1,24,101,80
15/05/2019 11:22,0,27,-22,0.9,-1,24,101,80
15/05/2019 11:23,0,27,-23,0.9,-1,24,101,80
15/05/2019 11:23,0,27,-22,0.9,-1,25,101,80
15/05/2019 11:23,0,27,-23,0.9,-1,25,101,80
15/05/2019 11:23,0,27,-23,0.9,-1,25,101,80
15/05/2019 11:23,0,27,-22,0.9,-1,25,101,80
15/05/2019 11:23,0,27,-23,0.9,-1,24,101,80
15/05/2019 11:24,0,27,-22,0.9,-1,25,101,80
15/05/2019 11:24,0,27,-22,0.9,-1,26,101,80
15/05/2019 11:24,0,27,-22,0.9,-1,25,101,80
15/05/2019 11:24,0,27,-23,0.9,-1,25,101,80
15/05/2019 11:24,0,27,-23,0.9,-1,26,101,80
15/05/2019 11:24,0,27,-23,0.9,-1,26,101,80
15/05/2019 11:25,0,27,-22,0.9,-1,26,101,80
15/05/2019 11:25,0,27,-22,0.9,-1,25,101,80
15/05/2019 11:25,0,27,-22,0.9,-1,25,101,80
15/05/2019 11:25,0,27,-22,0.9,-1,25,101,79
15/05/2019 11:25,0,28,-22,0.9,-1,24,101,80
15/05/2019 11:25,0,28,-22,0.9,-1,24,101,80
15/05/2019 11:26,0,28,-22,0.9,-1,24,101,79
15/05/2019 11:26,0,28,-23,0.9,-1,25,101,80
15/05/2019 11:26,0,28,-23,0.9,-1,25,101,80
15/05/2019 11:26,0,28,-22,0.9,-1,25,101,79
15/05/2019 11:26,0,28,-22,0.9,-1,24,101,80
15/05/2019 11:26,0,28,-23,0.9,-1,24,101,79
15/05/2019 11:27,0,28,-23,0.9,-1,24,101,79
15/05/2019 11:27,0,28,-23,0.9,-1,24,101,80
15/05/2019 11:27,0,28,-21,0.9,-1,24,101,79
15/05/2019 11:27,0,28,-22,0.9,-1,22,101,80
15/05/2019 11:27,0,28,-22,0.9,-1,21,101,79
15/05/2019 11:27,0,28,-22,0.9,-1,21,101,80
15/05/2019 11:28,0,28,-22,0.9,-1,22,101,80
15/05/2019 11:28,0,28,-23,0.9,-1,22,101,80
15/05/2019 11:28,0,28,-23,0.9,-1,22,101,80
15/05/2019 11:28,0,28,-23,0.9,-1,23,102,80
15/05/2019 11:28,0,28,-24,0.9,-1,23,102,79
15/05/2019 11:29,0,28,-23,0.9,-1,23,102,80
15/05/2019 11:29,0,29,-23,0.9,-1,22,101,80
15/05/2019 11:29,0,29,-22,0.9,-1,22,101,80
15/05/2019 11:29,0,29,-23,0.9,-1,22,101,79
15/05/2019 11:29,0,30,-22,0.9,-1,23,102,79
15/05/2019 11:29,0,30,-23,0.9,-1,23,102,80
15/05/2019 11:30,14,30,-23,0.9,-1,23,102,80
15/05/2019 11:30,20,31,-23,0.9,-1,23,102,80
15/05/2019 11:30,25,31,-23,0.9,-1,23,102,79
15/05/2019 11:30,30,32,-22,0.9,-1,25,101,80
15/05/2019 11:30,38,32,-21,0.9,-1,25,101,80
15/05/2019 11:30,45,33,-21,0.9,-1,22,101,80
15/05/2019 11:31,48,33,-21,0.9,-1,20,102,80
15/05/2019 11:31,51,34,-21,0.9,-1,19,102,80
15/05/2019 11:31,50,34,-21,0.9,-1,19,102,80
15/05/2019 11:31,44,35,-20,0.9,-1,19,102,81
15/05/2019 11:31,37,35,-20,0.9,-1,19,102,80
15/05/2019 11:31,35,36,-21,0.9,-1,17,101,81
15/05/2019 11:32,30,36,-20,0.9,-1,18,101,81
15/05/2019 11:32,27,36,-19,0.9,-1,18,102,81
15/05/2019 11:32,25,37,-19,0.9,-1,17,102,81
15/05/2019 11:32,23,37,-20,0.9,-1,17,101,81
15/05/2019 11:32,30,36,-23,0.9,-1,16,101,81
15/05/2019 11:32,27,37,-24,0.9,-1,16,101,81
15/05/2019 11:33,24,37,-23,0.9,-1,17,101,82
15/05/2019 11:33,19,38,-23,0.9,-1,16,101,81
15/05/2019 11:33,16,38,-24,0.9,-1,16,101,82
15/05/2019 11:33,12,38,-20,0.9,-1,15,102,82
15/05/2019 11:33,0,38,-18,0.9,-1,14,101,81
15/05/2019 11:33,0,38,-21,0.9,-1,14,101,81
15/05/2019 11:34,0,37,-21,0.9,-1,15,102,81
15/05/2019 11:34,0,38,-20,0.9,-1,15,101,81
15/05/2019 11:34,0,38,-18,0.9,-1,16,100,82
15/05/2019 11:34,0,37,-17,0.9,-1,15,101,82
15/05/2019 11:34,0,37,-15,0.9,-1,15,101,81
15/05/2019 11:34,0,37,-15,0.9,-1,15,101,82
15/05/2019 11:35,0,37,-13,0.9,-1,15,101,82
15/05/2019 11:35,0,36,-12,0.9,-1,14,101,81
15/05/2019 11:35,0,36,-14,0.9,-1,16,101,82
15/05/2019 11:35,0,35,-11,0.9,-1,16,101,81
15/05/2019 11:35,0,35,-9,0.9,-1,15,101,81
15/05/2019 11:35,0,35,-10,0.9,-1,15,101,81
15/05/2019 11:36,0,35,-13,0.9,-1,16,101,81
15/05/2019 11:36,0,35,-10,0.9,-1,16,101,81
15/05/2019 11:36,0,35,-10,0.9,-1,16,101,81
15/05/2019 11:36,0,35,-11,0.9,-1,16,101,81
15/05/2019 11:36,0,35,-9,0.9,-1,17,101,81
15/05/2019 11:36,0,35,-7,0.9,-1,16,102,82
15/05/2019 11:37,0,35,-7,0.9,-1,16,101,81
15/05/2019 11:37,0,34,-8,0.9,-1,17,101,81
15/05/2019 11:37,0,34,-7,0.9,-1,18,101,81
15/05/2019 11:37,0,34,-7,0.9,-1,17,101,80
15/05/2019 11:37,0,34,-7,0.9,-1,17,102,81
15/05/2019 11:37,0,34,-7,0.9,-1,17,101,81
15/05/2019 11:38,0,34,-7,0.9,-1,17,101,81
15/05/2019 11:38,0,34,-7,0.9,-1,18,102,81
15/05/2019 11:38,0,34,-7,0.9,-1,18,101,81
15/05/2019 11:38,0,34,-8,0.9,-1,18,101,81
15/05/2019 11:38,0,33,-7,0.9,-1,17,102,81
15/05/2019 11:38,0,33,-8,0.9,-1,18,101,81
15/05/2019 11:39,0,33,-8,0.9,-1,18,102,81
15/05/2019 11:39,0,33,-7,0.9,-1,18,100,82
15/05/2019 11:39,0,33,-7,0.9,-1,19,101,80
15/05/2019 11:39,0,33,-9,0.9,-1,18,101,81
15/05/2019 11:39,0,33,-9,0.9,-1,18,101,81
15/05/2019 11:40,0,33,-10,0.9,-1,18,101,80
15/05/2019 11:40,0,33,-9,0.9,-1,17,101,80
15/05/2019 11:40,0,33,-7,0.9,-1,16,101,81
15/05/2019 11:40,0,32,-7,0.9,-1,16,101,81
15/05/2019 11:40,0,32,-3,0.9,-1,16,101,80
15/05/2019 11:40,0,32,-4,0.9,-1,16,101,81
15/05/2019 11:41,0,31,-4,0.9,-1,18,101,81
15/05/2019 11:41,0,30,-6,0.9,-1,19,101,80
15/05/2019 11:41,0,30,-3,0.9,-1,19,101,80
15/05/2019 11:41,0,30,-4,0.9,-1,20,85,79
15/05/2019 11:41,0,29,-5,0.9,-1,19,101,79
15/05/2019 11:41,0,28,-4,0.9,-1,20,101,81
15/05/2019 11:42,0,28,-8,0.9,-1,22,101,80
15/05/2019 11:42,0,27,-12,0.9,-1,22,101,81
15/05/2019 11:42,0,29,-14,0.9,-1,22,101,79
15/05/2019 11:42,0,29,-14,0.9,-1,21,101,79
15/05/2019 11:42,0,29,-12,0.9,-1,21,101,80
15/05/2019 11:42,0,30,-10,0.9,-1,20,101,80
15/05/2019 11:43,0,29,-7,0.9,-1,20,101,81
15/05/2019 11:43,0,30,-5,0.9,-1,20,101,79
15/05/2019 11:43,0,30,-4,0.9,-1,21,101,80
15/05/2019 11:43,0,30,-4,0.9,-1,21,101,80
15/05/2019 11:43,0,29,-3,0.9,-1,22,101,80
15/05/2019 11:43,0,29,-5,0.9,-1,23,101,80
15/05/2019 11:44,0,29,-6,0.9,-1,23,101,80
15/05/2019 11:44,0,28,-5,0.9,-1,24,101,80
15/05/2019 11:44,0,29,-4,0.9,-1,23,101,80
15/05/2019 11:44,0,29,-5,0.9,-1,23,101,80
15/05/2019 11:44,0,28,-4,0.9,-1,23,101,80
15/05/2019 11:44,0,28,-3,0.9,-1,23,101,79
15/05/2019 11:45,0,29,-4,0.9,-1,24,101,79
15/05/2019 11:45,0,28,-3,0.9,-1,24,101,79
15/05/2019 11:45,0,29,-4,0.9,-1,23,101,79
15/05/2019 11:45,0,29,-5,0.9,-1,22,101,80
15/05/2019 11:45,0,29,-6,0.9,-1,22,101,80
15/05/2019 11:45,0,29,-5,0.9,-1,22,101,80
15/05/2019 11:46,0,28,-4,0.9,-1,21,101,80
15/05/2019 11:46,0,29,-3,0.9,-1,22,101,79
15/05/2019 11:46,0,28,-3,0.9,-1,22,101,79
15/05/2019 11:46,0,28,-3,0.9,-1,22,101,80
15/05/2019 11:46,0,28,-4,0.9,-1,22,101,79
15/05/2019 11:46,0,28,-3,0.9,-1,23,101,79
15/05/2019 11:47,0,29,-4,0.9,-1,24,101,80
15/05/2019 11:47,0,28,-4,0.9,-1,25,101,79
15/05/2019 11:47,0,28,-5,0.9,-1,25,101,80
15/05/2019 11:47,0,28,-4,0.9,-1,25,100,79
15/05/2019 11:47,0,27,-5,0.9,-1,23,101,78
15/05/2019 11:47,0,27,-4,0.9,-1,24,101,78
15/05/2019 11:48,0,27,-4,0.9,-1,25,101,79
15/05/2019 11:48,0,27,-5,0.9,-1,25,101,79
15/05/2019 11:48,0,28,-4,0.9,-1,25,102,79
15/05/2019 11:48,0,28,-3,0.9,-1,26,101,79
15/05/2019 11:48,0,28,-2,0.9,-1,24,101,78
15/05/2019 11:48,0,28,-4,0.9,-1,23,101,79
15/05/2019 11:49,0,27,-4,0.9,-1,22,101,79
15/05/2019 11:49,0,27,-3,0.9,-1,22,101,79
15/05/2019 11:49,0,27,-2,0.9,-1,22,101,79
15/05/2019 11:49,0,28,-4,0.9,-1,23,101,79
15/05/2019 11:49,0,28,-3,0.9,-1,23,102,79
15/05/2019 11:50,0,28,-3,0.9,-1,24,101,79
15/05/2019 11:50,0,28,-3,0.9,-1,24,101,79
15/05/2019 11:50,0,26,-3,0.9,-1,24,102,79
15/05/2019 11:50,0,27,0,0.9,-1,24,102,78
15/05/2019 11:50,0,27,-3,0.9,-1,26,101,79
15/05/2019 11:50,0,27,-2,0.9,-1,25,101,78
15/05/2019 11:51,0,27,-3,0.9,-1,25,102,79
15/05/2019 11:51,0,28,-3,0.9,-1,25,101,79
15/05/2019 11:51,0,28,-3,0.9,-1,26,101,79
15/05/2019 11:51,0,28,-4,0.9,-1,27,101,79
15/05/2019 11:51,0,28,-4,0.9,-1,27,101,79
15/05/2019 11:51,0,27,-4,0.9,-1,26,101,79
15/05/2019 11:52,0,27,-4,0.9,-1,26,101,78
15/05/2019 11:52,0,27,-3,0.9,-1,26,101,78
15/05/2019 11:52,0,28,-4,0.9,-1,25,101,78
15/05/2019 11:52,0,26,-4,0.9,-1,23,101,79
15/05/2019 11:52,0,27,-5,0.9,-1,22,101,78
15/05/2019 11:52,0,27,-3,0.9,-1,23,101,78
15/05/2019 11:53,0,27,-3,0.9,-1,23,101,78
15/05/2019 11:53,0,27,-4,0.9,-1,25,101,78
15/05/2019 11:53,0,26,-4,0.9,-1,25,101,78
15/05/2019 11:53,0,27,-4,0.9,-1,25,101,78
15/05/2019 11:53,0,27,-4,0.9,-1,25,101,77
15/05/2019 11:53,0,27,-4,0.9,-1,26,101,78
15/05/2019 11:54,0,26,-2,0.9,-1,25,101,79
15/05/2019 11:54,0,26,-3,0.9,-1,24,101,78
15/05/2019 11:54,0,25,-3,0.9,-1,24,101,79
15/05/2019 11:54,0,26,-2,0.9,-1,24,101,78
15/05/2019 11:54,0,26,-4,0.9,-1,26,101,77
15/05/2019 11:54,0,26,-3,0.9,-1,26,101,78
15/05/2019 11:55,0,26,-4,0.9,-1,26,101,79
15/05/2019 11:55,0,25,-3,0.9,-1,26,101,79
15/05/2019 11:55,0,25,-3,0.9,-1,26,101,78
15/05/2019 11:55,0,26,-3,0.9,-1,26,101,78
15/05/2019 11:55,0,26,-3,0.9,-1,26,101,77
15/05/2019 11:55,17,27,-2,0.9,-1,26,101,78
15/05/2019 11:56,54,28,-5,0.9,-1,28,101,78
15/05/2019 11:56,64,29,-4,0.9,-1,26,101,78
15/05/2019 11:56,67,29,-4,0.9,-1,25,101,77
15/05/2019 11:56,29,28,-5,0.9,-1,23,101,78
15/05/2019 11:56,17,28,-5,0.9,-1,22,101,79
15/05/2019 11:56,21,28,-5,0.9,-1,23,101,78
15/05/2019 11:57,15,27,-5,0.9,-1,25,101,78
15/05/2019 11:57,14,27,-5,0.9,-1,24,101,78
15/05/2019 11:57,16,26,-4,0.9,-1,22,101,78
15/05/2019 11:57,10,26,-5,0.9,-1,22,101,78
15/05/2019 11:57,11,26,-4,0.9,-1,22,101,78
15/05/2019 11:57,0,26,-5,0.9,-1,23,101,77
15/05/2019 11:58,12,26,-4,0.9,-1,22,101,77
15/05/2019 11:58,10,26,-4,0.9,-1,23,101,77
15/05/2019 11:58,0,26,-3,0.9,-1,23,101,78
15/05/2019 11:58,0,26,-6,0.9,-1,23,101,77
15/05/2019 11:58,0,26,-4,0.9,-1,23,101,78
15/05/2019 11:58,0,27,-4,0.9,-1,23,101,78
15/05/2019 11:59,0,26,-4,0.9,-1,22,101,78
15/05/2019 11:59,0,26,-5,0.9,-1,23,101,78
15/05/2019 11:59,0,26,-7,0.9,-1,24,101,77
15/05/2019 11:59,0,27,-4,0.9,-1,24,101,77
15/05/2019 11:59,0,27,-4,0.9,-1,23,102,78
15/05/2019 11:59,0,27,-6,0.9,-1,22,101,78
15/05/2019 12:00,0,27,-4,0.9,-1,23,101,78
15/05/2019 12:00,0,27,-5,0.9,-1,23,101,77
15/05/2019 12:00,0,27,-5,0.9,-1,23,101,78
15/05/2019 12:00,0,26,-5,0.9,-1,24,101,77
15/05/2019 12:00,0,26,-4,0.9,-1,23,101,78
15/05/2019 12:01,0,26,-4,0.9,-1,22,101,77
15/05/2019 12:01,0,26,-4,0.9,-1,23,101,78
15/05/2019 12:01,0,26,-5,0.9,-1,24,101,77
15/05/2019 12:01,11,26,-5,0.9,-1,25,101,77
15/05/2019 12:01,15,26,-5,0.9,-1,24,101,77
15/05/2019 12:01,0,26,-3,0.9,-1,25,101,78
15/05/2019 12:02,48,27,-4,0.9,-1,25,101,77
15/05/2019 12:02,70,28,-4,0.9,-1,29,101,77
15/05/2019 12:02,63,28,-2,0.9,-1,27,96,77
15/05/2019 12:02,106,29,-3,0.9,-1,27,101,77
15/05/2019 12:02,91,29,-6,0.9,-1,32,101,77
15/05/2019 12:02,84,31,-3,0.9,-1,28,101,77
15/05/2019 12:03,184,42,-2,0.9,-1,26,101,77
15/05/2019 12:03,227,40,-2,0.9,-1,26,101,77
15/05/2019 12:03,247,41,-4,0.9,-1,21,101,77
15/05/2019 12:03,247,42,-5,0.9,-1,23,101,78
15/05/2019 12:03,247,45,-4,0.9,-1,17,101,77
15/05/2019 12:03,247,48,0,0.9,-1,16,101,78
15/05/2019 12:04,247,48,-6,0.9,-1,14,101,77
15/05/2019 12:04,247,46,-5,0.9,-1,13,101,78
15/05/2019 12:04,247,47,-9,0.9,-1,9,101,79
15/05/2019 12:04,247,54,-7,0.9,-1,14,101,78
15/05/2019 12:04,247,55,-6,0.9,-1,12,101,78
15/05/2019 12:04,247,59,-5,0.9,-1,14,101,79
15/05/2019 12:05,247,62,-5,0.9,-1,13,101,78
15/05/2019 12:05,247,58,-4,0.9,-1,12,101,78
15/05/2019 12:05,247,55,-5,0.9,-1,13,101,79
15/05/2019 12:05,247,52,-3,0.9,-1,10,101,79
15/05/2019 12:05,247,52,-6,0.9,-1,11,101,79
15/05/2019 12:05,247,51,-3,0.9,-1,12,101,79
15/05/2019 12:06,247,52,-3,0.9,-1,15,101,78
15/05/2019 12:06,247,49,-3,0.9,-1,16,17,78
15/05/2019 12:06,247,47,-4,0.9,-1,13,101,79
15/05/2019 12:06,247,47,-4,0.9,-1,19,101,78
15/05/2019 12:06,247,46,-4,0.9,-1,16,101,78
15/05/2019 12:06,247,45,-5,0.9,-1,15,101,80
15/05/2019 12:07,247,44,-3,0.9,-1,14,101,78
15/05/2019 12:07,247,44,-4,0.9,-1,14,101,79
15/05/2019 12:07,247,43,-5,0.9,-1,14,101,79
15/05/2019 12:07,247,41,-5,0.9,-1,14,101,79
15/05/2019 12:07,247,43,-4,0.9,-1,17,100,79
15/05/2019 12:07,247,43,-3,0.9,-1,16,100,79
15/05/2019 12:08,247,43,-3,0.9,-1,16,101,78
15/05/2019 12:08,247,42,-4,0.9,-1,16,100,79
15/05/2019 12:08,247,42,-4,0.9,-1,17,100,79
15/05/2019 12:08,247,42,-4,0.9,-1,17,100,79
15/05/2019 12:08,247,42,-4,0.9,-1,17,100,78
15/05/2019 12:08,247,42,-4,0.9,-1,17,101,79
15/05/2019 12:09,247,40,-4,0.9,-1,17,101,79
15/05/2019 12:09,247,39,-3,0.9,-1,15,101,79
15/05/2019 12:09,247,39,-5,0.9,-1,15,101,78
15/05/2019 12:09,247,37,-3,0.9,-1,17,98,79
15/05/2019 12:09,247,35,-4,0.9,-1,15,101,78
15/05/2019 12:09,247,34,-3,0.9,-1,16,101,79
15/05/2019 12:10,247,35,-4,0.9,-1,19,101,78
15/05/2019 12:10,247,34,-5,0.9,-1,18,101,79
15/05/2019 12:10,247,35,-2,0.9,-1,17,101,79
15/05/2019 12:10,247,33,-3,0.9,-1,16,101,79
15/05/2019 12:10,247,34,-4,0.9,-1,17,101,78
15/05/2019 12:11,247,35,-2,0.9,-1,17,101,78
15/05/2019 12:11,247,35,-2,0.9,-1,17,102,78
15/05/2019 12:11,247,33,-4,0.9,-1,17,100,78
15/05/2019 12:11,247,32,-2,0.9,-1,15,101,78
15/05/2019 12:11,247,32,-3,0.9,-1,16,101,78
15/05/2019 12:11,247,32,-2,0.9,-1,17,101,79
15/05/2019 12:12,247,33,0,0.9,-1,17,101,78
15/05/2019 12:12,247,33,-2,0.9,-1,18,101,78
15/05/2019 12:12,247,32,-3,0.9,-1,18,100,78
15/05/2019 12:12,247,32,-5,0.9,-1,19,101,78
15/05/2019 12:12,247,32,-2,0.9,-1,18,101,79
15/05/2019 12:12,247,32,-4,0.9,-1,18,101,78
15/05/2019 12:13,247,33,-2,0.9,-1,18,101,78
15/05/2019 12:13,247,33,-3,0.9,-1,19,101,78
15/05/2019 12:13,247,32,-5,0.9,-1,20,101,78
15/05/2019 12:13,247,32,-4,0.9,-1,20,101,79
15/05/2019 12:13,247,32,-3,0.9,-1,20,101,77
15/05/2019 12:13,247,32,0,0.9,-1,19,102,78
15/05/2019 12:14,247,32,0,0.9,-1,18,102,78
15/05/2019 12:14,247,32,-2,0.9,-1,19,101,78
15/05/2019 12:14,247,31,-3,0.9,-1,20,101,78
15/05/2019 12:14,181,32,0,0.9,-1,18,101,79
15/05/2019 12:14,94,32,-2,0.9,-1,19,101,78
15/05/2019 12:14,81,31,-2,0.9,-1,18,101,78
15/05/2019 12:15,71,30,-2,0.9,-1,20,101,78
15/05/2019 12:15,79,30,-3,0.9,-1,21,101,78
15/05/2019 12:15,75,29,-3,0.9,-1,21,100,78
15/05/2019 12:15,111,30,-3,0.9,-1,20,101,78
15/05/2019 12:15,120,29,-5,0.9,-1,24,101,78
15/05/2019 12:15,121,29,-3,0.9,-1,24,100,78
15/05/2019 12:16,98,29,-3,0.9,-1,24,100,78
15/05/2019 12:16,78,29,-3,0.9,-1,23,100,77
15/05/2019 12:16,76,29,0,0.9,-1,22,101,78
15/05/2019 12:16,72,30,0,0.9,-1,22,102,78
15/05/2019 12:16,60,29,-3,0.9,-1,22,101,78
15/05/2019 12:16,73,30,-4,0.9,-1,21,101,78
15/05/2019 12:17,83,30,0,0.9,-1,21,100,78
15/05/2019 12:17,91,30,0,0.9,-1,21,101,77
15/05/2019 12:17,93,30,-2,0.9,-1,21,102,77
15/05/2019 12:17,103,30,0,0.9,-1,21,101,78
15/05/2019 12:17,100,30,-4,0.9,-1,22,100,78
15/05/2019 12:17,83,30,-2,0.9,-1,23,98,78
15/05/2019 12:18,70,30,0,0.9,-1,22,98,78
15/05/2019 12:18,70,30,0,0.9,-1,23,99,77
15/05/2019 12:18,70,30,-5,0.9,-1,23,99,77
15/05/2019 12:18,63,30,1,0.9,-1,24,101,77
15/05/2019 12:18,73,30,-2,0.9,-1,22,101,78
15/05/2019 12:18,105,30,-2,0.9,-1,22,101,78
15/05/2019 12:19,105,31,-3,0.9,-1,22,101,78
15/05/2019 12:19,96,31,-2,0.9,-1,22,101,78
15/05/2019 12:19,99,30,-2,0.9,-1,23,101,77
15/05/2019 12:19,105,31,-4,0.9,-1,22,100,78
15/05/2019 12:19,98,31,-4,0.9,-1,22,99,78
15/05/2019 12:19,74,31,-5,0.9,-1,21,98,77
15/05/2019 12:20,70,31,-2,0.9,-1,20,78,78
15/05/2019 12:20,70,31,-3,0.9,-1,22,85,78
15/05/2019 12:20,68,31,0,0.9,-1,23,97,78
15/05/2019 12:20,69,31,0,0.9,-1,23,97,78
15/05/2019 12:20,66,31,0,0.9,-1,23,96,77
15/05/2019 12:21,70,31,0,0.9,-1,24,97,78
15/05/2019 12:21,64,31,-2,0.9,-1,24,96,78
15/05/2019 12:21,64,31,-2,0.9,-1,25,59,77
15/05/2019 12:21,63,32,-2,0.9,-1,25,81,77
15/05/2019 12:21,64,32,-2,0.9,-1,26,78,78
15/05/2019 12:21,67,32,0,0.9,-1,26,51,78
15/05/2019 12:22,64,32,-2,0.9,-1,26,85,78
15/05/2019 12:22,64,32,-2,0.9,-1,27,98,77
15/05/2019 12:22,56,31,-7,0.9,-1,28,98,77
15/05/2019 12:22,51,31,-6,0.9,-1,22,90,77
15/05/2019 12:22,58,32,-4,0.9,-1,23,100,77
15/05/2019 12:22,40,30,-5,0.9,-1,21,101,77
15/05/2019 12:23,34,30,1,0.9,-1,19,102,77
15/05/2019 12:23,33,31,1,0.9,-1,20,101,77
15/05/2019 12:23,51,31,0,0.9,-1,20,101,78
15/05/2019 12:23,46,31,0,0.9,-1,22,101,77
15/05/2019 12:23,59,31,2,0.9,-1,21,101,77
15/05/2019 12:23,78,31,2,0.9,-1,21,101,77
15/05/2019 12:24,56,29,0,0.9,-1,22,101,77
15/05/2019 12:24,39,29,0,0.9,-1,22,101,77
15/05/2019 12:24,35,29,1,0.9,-1,22,101,77
15/05/2019 12:24,56,30,2,0.9,-1,22,101,77
15/05/2019 12:24,43,30,4,0.9,-1,21,101,77
15/05/2019 12:24,42,30,0,0.9,-1,20,101,77
15/05/2019 12:25,38,30,3,0.9,-1,20,101,77
15/05/2019 12:25,26,30,5,0.9,-1,22,101,77
15/05/2019 12:25,16,30,7,0.9,-1,22,101,77
15/05/2019 12:25,13,30,6,0.9,-1,23,101,78
15/05/2019 12:25,18,30,7,0.9,-1,22,101,77
15/05/2019 12:25,29,29,6,0.9,-1,22,101,77
15/05/2019 12:26,41,29,6,0.9,-1,21,101,77
15/05/2019 12:26,48,28,4,0.9,-1,22,101,77
15/05/2019 12:26,40,27,1,0.9,-1,22,101,76
15/05/2019 12:26,38,27,0,0.9,-1,23,101,77
15/05/2019 12:26,50,27,0,0.9,-1,24,101,77
15/05/2019 12:26,62,27,0,0.9,-1,24,102,77
15/05/2019 12:27,45,27,0,0.9,-1,24,101,77
15/05/2019 12:27,48,28,0,0.9,-1,24,101,77
15/05/2019 12:27,54,28,0,0.9,-1,24,101,77
15/05/2019 12:27,53,28,0,0.9,-1,24,101,77
15/05/2019 12:27,53,28,0,0.9,-1,25,101,77
15/05/2019 12:27,46,26,0,0.9,-1,24,101,77
15/05/2019 12:28,48,27,0,0.9,-1,24,101,77
15/05/2019 12:28,45,27,0,0.9,-1,24,101,77
15/05/2019 12:28,42,27,-3,0.9,-1,23,100,77
15/05/2019 12:28,38,27,-2,0.9,-1,23,101,77
15/05/2019 12:28,48,27,0,0.9,-1,23,101,77
15/05/2019 12:28,54,27,0,0.9,-1,25,101,77
15/05/2019 12:29,59,27,0,0.9,-1,25,101,77
15/05/2019 12:29,72,27,0,0.9,-1,26,100,77
15/05/2019 12:29,48,27,0,0.9,-1,25,101,77
15/05/2019 12:29,48,27,-2,0.9,-1,22,101,77
15/05/2019 12:29,47,27,0,0.9,-1,23,101,77
15/05/2019 12:29,62,27,-3,0.9,-1,25,100,77
15/05/2019 12:30,59,27,-3,0.9,-1,26,100,77
15/05/2019 12:30,53,27,0,0.9,-1,26,101,77
15/05/2019 12:30,51,27,0,0.9,-1,27,101,77
15/05/2019 12:30,46,27,-4,0.9,-1,26,101,77
15/05/2019 12:30,46,28,-6,0.9,-1,26,101,77
15/05/2019 12:31,52,28,0,0.9,-1,25,101,77
15/05/2019 12:31,59,27,0,0.9,-1,24,102,77
15/05/2019 12:31,50,28,-3,0.9,-1,25,101,77
15/05/2019 12:31,45,28,-2,0.9,-1,25,101,77
15/05/2019 12:31,64,28,-2,0.9,-1,25,99,77
15/05/2019 12:31,76,28,-4,0.9,-1,26,101,76
15/05/2019 12:32,89,28,-2,0.9,-1,26,100,77
15/05/2019 12:32,63,28,-2,0.9,-1,26,101,77
15/05/2019 12:32,48,28,-2,0.9,-1,25,100,76
15/05/2019 12:32,37,28,-3,0.9,-1,26,100,77
15/05/2019 12:32,44,28,-2,0.9,-1,26,100,77
15/05/2019 12:32,43,28,-2,0.9,-1,28,101,77
15/05/2019 12:33,35,28,1,0.9,-1,29,101,76
15/05/2019 12:33,41,28,-2,0.9,-1,30,101,77
15/05/2019 12:33,35,28,-2,0.9,-1,31,101,77
15/05/2019 12:33,28,26,-2,0.9,-1,30,101,75
15/05/2019 12:33,33,26,1,0.9,-1,28,101,77
15/05/2019 12:33,31,26,-4,0.9,-1,28,101,77
15/05/2019 12:34,26,25,-2,0.9,-1,27,100,77
15/05/2019 12:34,33,25,-2,0.9,-1,27,100,77
15/05/2019 12:34,41,26,-3,0.9,-1,30,99,76
15/05/2019 12:34,54,26,-2,0.9,-1,31,101,77
15/05/2019 12:34,37,27,-2,0.9,-1,32,102,77
15/05/2019 12:34,40,27,-2,0.9,-1,30,32,76
15/05/2019 12:35,46,27,-3,0.9,-1,27,100,77
15/05/2019 12:35,38,28,-3,0.9,-1,26,100,77
15/05/2019 12:35,39,28,-2,0.9,-1,25,100,76
15/05/2019 12:35,42,28,-5,0.9,-1,25,101,77
15/05/2019 12:35,44,28,-3,0.9,-1,25,101,77
15/05/2019 12:35,41,28,-4,0.9,-1,25,56,77
15/05/2019 12:36,48,28,-4,0.9,-1,25,101,76
15/05/2019 12:36,35,28,-5,0.9,-1,24,101,77
15/05/2019 12:36,38,28,-2,0.9,-1,24,101,76
15/05/2019 12:36,30,28,-3,0.9,-1,25,101,77
15/05/2019 12:36,34,28,0,0.9,-1,27,102,76
15/05/2019 12:36,38,28,-2,0.9,-1,28,102,77
15/05/2019 12:37,43,28,-4,0.9,-1,29,101,77
15/05/2019 12:37,46,28,-3,0.9,-1,30,101,77
15/05/2019 12:37,39,28,-4,0.9,-1,31,100,77
15/05/2019 12:37,32,28,-4,0.9,-1,30,100,76
15/05/2019 12:37,19,28,0,0.9,-1,29,101,76
15/05/2019 12:37,19,28,1,0.9,-1,29,101,77
15/05/2019 12:38,12,28,1,0.9,-1,29,101,76
15/05/2019 12:38,14,28,2,0.9,-1,30,101,76
15/05/2019 12:38,14,28,2,0.9,-1,30,101,77
15/05/2019 12:38,11,28,2,0.9,-1,29,101,75
15/05/2019 12:38,14,28,2,0.9,-1,29,101,77
15/05/2019 12:38,25,28,3,0.9,-1,29,101,77
15/05/2019 12:39,20,28,2,0.9,-1,30,101,76
15/05/2019 12:39,0,28,2,0.9,-1,29,100,75
15/05/2019 12:39,0,28,2,0.9,-1,30,101,77
15/05/2019 12:39,0,28,2,0.9,-1,29,101,76
15/05/2019 12:39,0,28,1,0.9,-1,28,101,77
15/05/2019 12:39,0,28,3,0.9,-1,28,101,77
15/05/2019 12:40,0,28,2,0.9,-1,28,101,76
15/05/2019 12:40,0,28,8,0.9,-1,28,101,76
15/05/2019 12:40,0,27,4,0.9,-1,29,101,76
15/05/2019 12:40,0,27,4,0.9,-1,27,101,77
15/05/2019 12:40,0,27,8,0.9,-1,27,100,76
15/05/2019 12:40,0,27,13,0.89,-1,26,102,75
15/05/2019 12:41,0,27,8,0.9,-1,25,100,76
15/05/2019 12:41,0,27,15,0.89,-1,26,99,75
15/05/2019 12:41,0,27,24,0.89,-1,26,100,75
15/05/2019 12:41,0,27,37,0.89,-1,26,99,75
15/05/2019 12:41,0,28,46,0.89,-1,27,100,75
15/05/2019 12:42,0,28,50,0.89,-1,27,99,75
15/05/2019 12:42,0,28,58,0.89,-1,27,100,74
15/05/2019 12:42,0,28,67,0.89,-1,27,100,75
15/05/2019 12:42,0,28,72,0.89,-1,26,100,75
15/05/2019 12:42,0,28,79,0.89,-1,26,100,75
15/05/2019 12:42,0,28,89,0.89,-1,26,99,74
15/05/2019 12:43,0,28,93,0.89,-1,27,99,75
15/05/2019 12:43,0,28,88,0.89,-1,27,100,75
15/05/2019 12:43,0,28,92,0.89,-1,27,100,75
15/05/2019 12:43,0,28,95,0.89,-1,28,100,74
15/05/2019 12:43,0,28,94,0.89,-1,28,99,75
15/05/2019 12:43,0,28,95,0.89,-1,28,100,75
15/05/2019 12:44,0,28,98,0.89,-1,27,99,75
15/05/2019 12:44,0,28,99,0.89,-1,28,99,74
15/05/2019 12:44,0,28,104,0.89,-1,28,100,75
15/05/2019 12:44,0,28,108,0.88,-1,28,100,74
15/05/2019 12:44,0,28,108,0.88,-1,28,99,75
15/05/2019 12:44,0,28,107,0.88,-1,28,101,74
15/05/2019 12:45,0,28,105,0.89,-1,27,101,75
15/05/2019 12:45,0,27,106,0.88,-1,27,102,74
15/05/2019 12:45,0,28,105,0.89,-1,28,101,73
15/05/2019 12:45,0,28,106,0.88,-1,28,101,75
15/05/2019 12:45,0,28,105,0.89,-1,27,101,74
15/05/2019 12:45,0,28,105,0.89,-1,27,100,75
15/05/2019 12:46,0,28,105,0.89,-1,27,101,75
15/05/2019 12:46,0,28,107,0.88,-1,28,102,74
15/05/2019 12:46,0,28,106,0.89,-1,29,100,75
15/05/2019 12:46,0,28,107,0.88,-1,28,100,75
15/05/2019 12:46,0,28,106,0.89,-1,28,100,74
15/05/2019 12:46,0,28,107,0.88,-1,27,102,74
15/05/2019 12:47,0,28,106,0.89,-1,32,101,75
15/05/2019 12:47,0,28,107,0.88,-1,32,102,75
15/05/2019 12:47,0,27,106,0.88,-1,30,101,74
15/05/2019 12:47,0,28,106,0.88,-1,28,101,75
15/05/2019 12:47,0,28,106,0.88,-1,28,101,74
15/05/2019 12:47,0,28,106,0.89,-1,28,101,75
15/05/2019 12:48,0,28,105,0.89,-1,28,101,74
15/05/2019 12:48,0,29,107,0.88,-1,28,101,74
15/05/2019 12:48,0,29,106,0.88,-1,28,100,73
15/05/2019 12:48,0,29,105,0.89,-1,28,101,74
15/05/2019 12:48,0,28,107,0.88,-1,29,100,74
15/05/2019 12:48,0,29,106,0.88,-1,28,102,74
15/05/2019 12:49,0,28,106,0.88,-1,28,101,74
15/05/2019 12:49,0,29,105,0.89,-1,27,102,74
15/05/2019 12:49,0,29,105,0.89,-1,28,101,74
15/05/2019 12:49,0,29,107,0.88,-1,28,101,74
15/05/2019 12:49,0,28,106,0.88,-1,28,101,74
15/05/2019 12:49,0,29,106,0.88,-1,28,101,74
15/05/2019 12:50,0,29,106,0.89,-1,28,101,74
15/05/2019 12:50,0,29,106,0.88,-1,28,101,75
15/05/2019 12:50,0,29,107,0.88,-1,28,101,74
15/05/2019 12:50,0,29,106,0.88,-1,28,101,74
15/05/2019 12:50,0,29,106,0.89,-1,27,101,74
15/05/2019 12:50,0,29,107,0.88,-1,28,101,75
15/05/2019 12:51,0,29,106,0.88,-1,27,102,73
15/05/2019 12:51,0,29,106,0.89,-1,27,101,74
15/05/2019 12:51,0,29,105,0.89,-1,27,101,75
15/05/2019 12:51,0,29,107,0.88,-1,26,101,74
15/05/2019 12:51,0,29,106,0.88,-1,27,102,73
15/05/2019 12:51,0,29,106,0.88,-1,27,101,74
15/05/2019 12:52,0,29,107,0.88,-1,26,101,73
15/05/2019 12:52,0,29,107,0.88,-1,26,101,75
15/05/2019 12:52,0,29,107,0.88,-1,27,101,73
15/05/2019 12:52,0,29,108,0.88,-1,27,102,74
15/05/2019 12:52,0,29,109,0.88,-1,27,101,74
15/05/2019 12:53,0,29,109,0.88,-1,27,101,74
15/05/2019 12:53,0,29,106,0.89,-1,28,101,73
15/05/2019 12:53,0,29,107,0.88,-1,28,102,74
15/05/2019 12:53,0,29,107,0.88,-1,26,101,73
15/05/2019 12:53,0,29,107,0.88,-1,27,101,74
15/05/2019 12:53,0,29,108,0.88,-1,26,101,74
15/05/2019 12:54,0,29,108,0.88,-1,27,101,74
15/05/2019 12:54,0,29,107,0.88,-1,28,101,73
15/05/2019 12:54,0,29,107,0.88,-1,27,98,74
15/05/2019 12:54,0,30,106,0.88,-1,26,79,75
15/05/2019 12:54,0,29,107,0.88,-1,26,68,72
15/05/2019 12:54,0,29,108,0.88,-1,24,101,74
15/05/2019 12:55,0,29,106,0.88,-1,25,101,74
15/05/2019 12:55,0,29,109,0.88,-1,24,101,74
15/05/2019 12:55,0,29,108,0.88,-1,25,99,73
15/05/2019 12:55,0,29,107,0.88,-1,26,99,74
15/05/2019 12:55,0,29,108,0.88,-1,26,98,74
15/05/2019 12:55,0,29,107,0.88,-1,25,99,73
15/05/2019 12:56,0,29,108,0.88,-1,26,100,74
15/05/2019 12:56,0,30,108,0.88,-1,27,100,74
15/05/2019 12:56,0,29,107,0.88,-1,27,99,74
15/05/2019 12:56,0,29,108,0.88,-1,27,99,74
15/05/2019 12:56,0,30,108,0.88,-1,26,99,74
15/05/2019 12:56,0,30,107,0.88,-1,27,99,74
15/05/2019 12:57,0,29,108,0.88,-1,27,100,74
15/05/2019 12:57,0,29,106,0.88,-1,26,99,74
15/05/2019 12:57,0,29,108,0.88,-1,25,99,74
15/05/2019 12:57,0,29,105,0.89,-1,25,100,74
15/05/2019 12:57,0,29,105,0.89,-1,25,100,75
15/05/2019 12:57,0,30,104,0.89,-1,26,100,73
15/05/2019 12:58,0,30,100,0.89,-1,25,100,73
15/05/2019 12:58,0,30,99,0.89,-1,25,100,74
15/05/2019 12:58,0,30,94,0.89,-1,26,100,74
15/05/2019 12:58,0,30,94,0.89,-1,25,99,74
15/05/2019 12:58,0,30,91,0.89,-1,26,100,74
15/05/2019 12:58,0,30,89,0.89,-1,26,100,73
15/05/2019 12:59,0,30,86,0.89,-1,26,100,74
15/05/2019 12:59,0,30,85,0.89,-1,25,100,73
15/05/2019 12:59,0,30,78,0.89,-1,25,100,73
15/05/2019 12:59,0,30,72,0.89,-1,24,100,74
15/05/2019 12:59,0,30,70,0.89,-1,24,100,74
15/05/2019 12:59,0,30,69,0.89,-1,23,100,75
15/05/2019 13:00,0,29,59,0.89,-1,22,100,73
15/05/2019 13:00,0,29,48,0.89,-1,22,100,74
15/05/2019 13:00,0,29,39,0.89,-1,22,100,73
15/05/2019 13:00,0,29,32,0.89,-1,23,100,74
15/05/2019 13:00,0,29,25,0.89,-1,23,100,73
15/05/2019 13:00,0,29,18,0.89,-1,24,100,74
15/05/2019 13:01,0,29,17,0.89,-1,24,100,73
15/05/2019 13:01,0,29,15,0.89,-1,24,100,74
15/05/2019 13:01,0,28,11,0.9,-1,24,100,73
15/05/2019 13:01,0,28,9,0.9,-1,25,100,74
15/05/2019 13:01,0,28,7,0.9,-1,25,100,74
15/05/2019 13:01,0,28,4,0.9,-1,25,100,74
15/05/2019 13:02,0,28,3,0.9,-1,25,100,74
15/05/2019 13:02,0,28,1,0.9,-1,25,100,74
15/05/2019 13:02,0,28,0,0.9,-1,26,99,73
15/05/2019 13:02,0,28,-3,0.9,-1,26,100,74
15/05/2019 13:02,0,28,0,0.9,-1,26,100,73
15/05/2019 13:03,0,28,0,0.9,-1,26,100,73
15/05/2019 13:03,0,28,1,0.9,-1,26,100,74
15/05/2019 13:03,0,28,0,0.9,-1,26,100,74
15/05/2019 13:03,0,28,0,0.9,-1,26,100,73
15/05/2019 13:03,0,28,0,0.9,-1,26,100,73
15/05/2019 13:03,0,28,1,0.9,-1,27,99,74
15/05/2019 13:04,0,28,0,0.9,-1,27,100,73
15/05/2019 13:04,0,28,0,0.9,-1,27,100,74
15/05/2019 13:04,0,28,0,0.9,-1,27,100,74
15/05/2019 13:04,0,28,0,0.9,-1,27,100,74
15/05/2019 13:04,0,28,1,0.9,-1,27,100,74
15/05/2019 13:04,0,28,3,0.9,-1,27,100,73
15/05/2019 13:05,0,28,2,0.9,-1,27,100,73
15/05/2019 13:05,0,28,3,0.9,-1,27,100,73
15/05/2019 13:05,0,28,0,0.9,-1,27,100,73
15/05/2019 13:05,0,28,0,0.9,-1,28,100,73
15/05/2019 13:05,0,28,4,0.9,-1,27,99,73
15/05/2019 13:05,0,28,3,0.9,-1,27,100,74
15/05/2019 13:06,0,28,3,0.9,-1,27,100,73
15/05/2019 13:06,0,28,4,0.9,-1,27,100,73
15/05/2019 13:06,0,29,4,0.9,-1,28,100,73
15/05/2019 13:06,0,29,4,0.9,-1,28,100,73
15/05/2019 13:06,0,29,3,0.9,-1,28,100,73
15/05/2019 13:06,0,29,3,0.9,-1,28,100,73
15/05/2019 13:07,0,29,4,0.9,-1,28,100,71
15/05/2019 13:07,0,29,3,0.9,-1,28,100,73
15/05/2019 13:07,0,29,2,0.9,-1,28,100,73
15/05/2019 13:07,0,29,4,0.9,-1,28,100,72
15/05/2019 13:07,0,29,3,0.9,-1,28,100,72
15/05/2019 13:07,0,29,4,0.9,-1,28,99,73
15/05/2019 13:08,0,29,4,0.9,-1,28,100,72
15/05/2019 13:08,0,29,3,0.9,-1,28,100,73
15/05/2019 13:08,0,29,3,0.9,-1,29,100,73
15/05/2019 13:08,0,29,5,0.9,-1,29,100,74
15/05/2019 13:08,0,29,5,0.9,-1,29,100,72
15/05/2019 13:08,0,30,3,0.9,-1,29,98,74
15/05/2019 13:09,0,30,3,0.9,-1,29,100,72
15/05/2019 13:09,0,30,4,0.9,-1,29,100,74
15/05/2019 13:09,0,30,3,0.9,-1,29,100,73
15/05/2019 13:09,0,30,4,0.9,-1,29,100,73
15/05/2019 13:09,0,30,4,0.9,-1,29,96,73
15/05/2019 13:09,0,30,3,0.9,-1,29,100,73
15/05/2019 13:10,0,30,4,0.9,-1,29,100,72
15/05/2019 13:10,0,30,4,0.9,-1,29,100,73
15/05/2019 13:10,0,30,2,0.9,-1,29,100,73
15/05/2019 13:10,0,30,3,0.9,-1,29,100,73
15/05/2019 13:10,0,30,2,0.9,-1,29,100,73
15/05/2019 13:10,0,30,3,0.9,-1,29,100,73
15/05/2019 13:11,0,30,3,0.9,-1,29,100,73
15/05/2019 13:11,0,31,3,0.9,-1,30,100,74
15/05/2019 13:11,0,31,3,0.9,-1,30,100,72
15/05/2019 13:11,0,31,4,0.9,-1,30,100,72
15/05/2019 13:11,0,31,4,0.9,-1,30,100,73
15/05/2019 13:11,0,31,4,0.9,-1,30,100,73
15/05/2019 13:12,0,31,4,0.9,-1,30,100,73
15/05/2019 13:12,0,31,4,0.9,-1,29,100,73
15/05/2019 13:12,0,31,5,0.9,-1,29,100,72
15/05/2019 13:12,0,31,5,0.9,-1,28,99,73
15/05/2019 13:12,0,31,4,0.9,-1,28,100,72
15/05/2019 13:12,0,31,4,0.9,-1,28,100,73
15/05/2019 13:13,0,31,3,0.9,-1,28,100,72
15/05/2019 13:13,0,31,3,0.9,-1,28,99,72
15/05/2019 13:13,0,31,4,0.9,-1,28,100,72
15/05/2019 13:13,0,31,3,0.9,-1,28,99,72
15/05/2019 13:13,0,31,3,0.9,-1,28,99,72
15/05/2019 13:14,0,32,3,0.9,-1,28,100,72
15/05/2019 13:14,0,32,3,0.9,-1,28,100,73
15/05/2019 13:14,0,32,4,0.9,-1,28,100,72
15/05/2019 13:14,0,32,3,0.9,-1,28,100,71
15/05/2019 13:14,0,32,4,0.9,-1,27,100,72
15/05/2019 13:14,0,32,4,0.9,-1,28,100,72
15/05/2019 13:15,0,32,5,0.9,-1,28,100,71
15/05/2019 13:15,0,32,4,0.9,-1,28,100,72
15/05/2019 13:15,0,32,6,0.9,-1,28,100,71
15/05/2019 13:15,0,32,3,0.9,-1,28,100,72
15/05/2019 13:15,0,32,4,0.9,-1,28,100,72
15/05/2019 13:15,0,32,3,0.9,-1,28,100,71
15/05/2019 13:16,0,32,5,0.9,-1,28,100,72
15/05/2019 13:16,0,32,4,0.9,-1,28,100,73
15/05/2019 13:16,0,32,4,0.9,-1,28,100,72
15/05/2019 13:16,0,32,4,0.9,-1,28,100,73
15/05/2019 13:16,0,32,4,0.9,-1,28,100,72
15/05/2019 13:16,0,32,4,0.9,-1,28,100,72
15/05/2019 13:17,0,32,3,0.9,-1,28,100,72
15/05/2019 13:17,0,33,3,0.9,-1,28,100,72
15/05/2019 13:17,0,33,4,0.9,-1,29,100,72
15/05/2019 13:17,0,33,5,0.9,-1,29,100,72
15/05/2019 13:17,0,33,5,0.9,-1,29,100,72
15/05/2019 13:17,0,33,4,0.9,-1,28,100,72
15/05/2019 13:18,0,33,4,0.9,-1,28,100,73
15/05/2019 13:18,0,33,4,0.9,-1,28,100,72
15/05/2019 13:18,0,33,4,0.9,-1,28,100,72
15/05/2019 13:18,0,33,3,0.9,-1,28,100,73
15/05/2019 13:18,0,33,3,0.9,-1,29,100,72
15/05/2019 13:18,0,33,3,0.9,-1,28,100,72
15/05/2019 13:19,0,33,4,0.9,-1,28,100,72
15/05/2019 13:19,0,33,3,0.9,-1,28,100,72
15/05/2019 13:19,0,33,4,0.9,-1,29,100,72
15/05/2019 13:19,0,33,2,0.9,-1,28,100,72
15/05/2019 13:19,0,33,3,0.9,-1,28,99,73
15/05/2019 13:19,0,33,3,0.9,-1,28,99,73
15/05/2019 13:20,0,33,4,0.9,-1,28,100,72
15/05/2019 13:20,0,33,4,0.9,-1,28,100,72
15/05/2019 13:20,0,33,4,0.9,-1,28,100,72
15/05/2019 13:20,0,34,4,0.9,-1,28,99,72
15/05/2019 13:20,0,34,2,0.9,-1,28,27,72
15/05/2019 13:20,0,34,4,0.9,-1,28,99,72
15/05/2019 13:21,0,34,4,0.9,-1,28,99,72
15/05/2019 13:21,0,34,4,0.9,-1,28,99,72
15/05/2019 13:21,0,34,4,0.9,-1,28,98,72
15/05/2019 13:21,0,34,5,0.9,-1,28,99,72
15/05/2019 13:21,0,34,5,0.9,-1,28,78,72
15/05/2019 13:21,0,34,4,0.9,-1,28,99,72
15/05/2019 13:22,0,34,4,0.9,-1,28,100,72
15/05/2019 13:22,0,34,5,0.9,-1,28,100,71
15/05/2019 13:22,0,34,5,0.9,-1,28,100,71
15/05/2019 13:22,0,34,6,0.9,-1,28,99,72
15/05/2019 13:22,0,34,5,0.9,-1,28,100,71
15/05/2019 13:22,0,34,5,0.9,-1,26,99,71
15/05/2019 13:23,0,34,5,0.9,-1,26,99,72
15/05/2019 13:23,0,34,4,0.9,-1,26,99,72
15/05/2019 13:23,0,34,4,0.9,-1,26,99,72
15/05/2019 13:23,0,34,5,0.9,-1,27,99,72
15/05/2019 13:23,0,34,4,0.9,-1,27,99,71
15/05/2019 13:24,0,34,5,0.9,-1,26,99,72
15/05/2019 13:24,0,34,5,0.9,-1,27,0,72
15/05/2019 13:24,0,34,3,0.9,-1,27,99,71
15/05/2019 13:24,0,34,4,0.9,-1,26,93,72
15/05/2019 13:24,0,34,4,0.9,-1,25,99,72
15/05/2019 13:24,0,34,4,0.9,-1,26,99,72
15/05/2019 13:25,0,35,3,0.9,-1,26,99,73
15/05/2019 13:25,0,35,4,0.9,-1,26,99,72
15/05/2019 13:25,0,34,3,0.9,-1,25,100,72
15/05/2019 13:25,0,33,3,0.9,-1,24,101,72
15/05/2019 13:25,0,33,1,0.9,-1,21,101,71
15/05/2019 13:25,0,33,3,0.9,-1,20,101,71
15/05/2019 13:26,0,33,4,0.9,-1,21,101,71
15/05/2019 13:26,0,32,4,0.9,-1,21,101,72
15/05/2019 13:26,0,31,5,0.9,-1,21,101,71
15/05/2019 13:26,0,32,7,0.9,-1,22,101,72
15/05/2019 13:26,0,31,7,0.9,-1,22,101,71
15/05/2019 13:26,0,31,7,0.9,-1,21,102,72
15/05/2019 13:27,0,31,6,0.9,-1,21,101,71
15/05/2019 13:27,0,30,6,0.9,-1,22,101,71
15/05/2019 13:27,0,31,7,0.9,-1,22,101,72
15/05/2019 13:27,0,31,6,0.9,-1,23,101,70
15/05/2019 13:27,0,30,6,0.9,-1,23,102,72
15/05/2019 13:27,0,30,6,0.9,-1,22,101,72
15/05/2019 13:28,0,30,6,0.9,-1,22,101,71
15/05/2019 13:28,0,30,6,0.9,-1,22,101,72
15/05/2019 13:28,0,31,5,0.9,-1,23,101,71
15/05/2019 13:28,0,31,7,0.9,-1,23,101,71
15/05/2019 13:28,0,30,6,0.9,-1,23,101,71
15/05/2019 13:28,0,30,5,0.9,-1,23,101,71
15/05/2019 13:29,0,30,6,0.9,-1,22,101,71
15/05/2019 13:29,0,29,5,0.9,-1,22,101,70
15/05/2019 13:29,0,29,6,0.9,-1,22,101,71
15/05/2019 13:29,0,29,7,0.9,-1,24,102,72
15/05/2019 13:29,0,29,8,0.9,-1,24,101,71
15/05/2019 13:29,0,29,6,0.9,-1,22,101,70
15/05/2019 13:30,0,30,7,0.9,-1,22,101,70
15/05/2019 13:30,0,30,5,0.9,-1,23,101,71
15/05/2019 13:30,0,30,6,0.9,-1,22,101,71
15/05/2019 13:30,0,30,6,0.9,-1,22,101,71
15/05/2019 13:30,0,30,6,0.9,-1,22,101,71
15/05/2019 13:30,0,30,5,0.9,-1,21,101,71
15/05/2019 13:31,0,30,5,0.9,-1,22,101,71
15/05/2019 13:31,0,30,5,0.9,-1,22,101,70
15/05/2019 13:31,0,30,6,0.9,-1,23,101,71
15/05/2019 13:31,0,29,7,0.9,-1,23,101,71
15/05/2019 13:31,0,29,6,0.9,-1,23,97,71
15/05/2019 13:31,0,30,6,0.9,-1,22,101,71
15/05/2019 13:32,0,30,6,0.9,-1,22,101,71
15/05/2019 13:32,0,30,6,0.9,-1,22,101,71
15/05/2019 13:32,0,30,3,0.9,-1,22,101,72
15/05/2019 13:32,0,29,6,0.9,-1,22,101,70
15/05/2019 13:32,0,30,5,0.9,-1,23,101,70
15/05/2019 13:32,0,30,6,0.9,-1,23,101,71
15/05/2019 13:33,0,30,6,0.9,-1,23,101,70
15/05/2019 13:33,0,30,6,0.9,-1,23,101,71
15/05/2019 13:33,0,30,7,0.9,-1,24,101,71
15/05/2019 13:33,0,30,8,0.9,-1,24,101,71
15/05/2019 13:33,0,30,7,0.9,-1,24,101,70
15/05/2019 13:33,0,30,6,0.9,-1,23,101,70
15/05/2019 13:34,0,29,5,0.9,-1,22,17,70
15/05/2019 13:34,0,30,6,0.9,-1,22,101,71
15/05/2019 13:34,0,30,6,0.9,-1,23,101,71
15/05/2019 13:34,0,30,6,0.9,-1,23,101,71
15/05/2019 13:34,0,30,5,0.9,-1,24,101,71
15/05/2019 13:35,0,30,6,0.9,-1,23,101,71
15/05/2019 13:35,0,30,6,0.9,-1,23,101,71
15/05/2019 13:35,0,29,6,0.9,-1,23,101,70
15/05/2019 13:35,0,29,6,0.9,-1,23,101,71
15/05/2019 13:35,0,29,6,0.9,-1,23,101,70
15/05/2019 13:35,0,29,7,0.9,-1,22,101,71
15/05/2019 13:36,0,29,6,0.9,-1,22,101,71
15/05/2019 13:36,0,29,6,0.9,-1,23,101,71
15/05/2019 13:36,0,29,6,0.9,-1,22,101,71
15/05/2019 13:36,0,29,7,0.9,-1,21,101,71
15/05/2019 13:36,0,29,5,0.9,-1,22,101,71
15/05/2019 13:36,0,28,4,0.9,-1,22,100,70
15/05/2019 13:37,0,27,7,0.9,-1,22,101,71
15/05/2019 13:37,0,28,6,0.9,-1,23,101,70
15/05/2019 13:37,0,28,5,0.9,-1,24,100,70
15/05/2019 13:37,0,28,6,0.9,-1,24,101,71
15/05/2019 13:37,0,28,5,0.9,-1,24,101,70
15/05/2019 13:37,0,28,5,0.9,-1,24,101,70
15/05/2019 13:38,0,29,5,0.9,-1,23,101,71
15/05/2019 13:38,0,29,6,0.9,-1,24,101,70
15/05/2019 13:38,0,29,6,0.9,-1,24,101,71
15/05/2019 13:38,0,29,8,0.9,-1,24,101,70
15/05/2019 13:38,0,29,7,0.9,-1,23,101,70
15/05/2019 13:38,0,29,6,0.9,-1,24,101,71
15/05/2019 13:39,0,29,5,0.9,-1,24,101,70
15/05/2019 13:39,0,29,6,0.9,-1,24,101,70
15/05/2019 13:39,0,29,5,0.9,-1,24,101,70
15/05/2019 13:39,0,29,6,0.9,-1,24,101,70
15/05/2019 13:39,0,29,5,0.9,-1,24,101,69
15/05/2019 13:39,0,29,7,0.9,-1,25,101,70
15/05/2019 13:40,0,29,6,0.9,-1,25,101,71
15/05/2019 13:40,0,29,5,0.9,-1,25,101,70
15/05/2019 13:40,0,29,6,0.9,-1,25,101,70
15/05/2019 13:40,0,29,7,0.9,-1,25,101,70
15/05/2019 13:40,0,29,4,0.9,-1,26,101,70
15/05/2019 13:40,0,29,4,0.9,-1,26,101,70
15/05/2019 13:41,0,29,7,0.9,-1,26,101,71
15/05/2019 13:41,0,29,5,0.9,-1,26,102,70
15/05/2019 13:41,0,29,6,0.9,-1,25,101,71
15/05/2019 13:41,0,29,6,0.9,-1,26,102,69
15/05/2019 13:41,0,29,9,0.9,-1,26,102,71
15/05/2019 13:41,0,29,6,0.9,-1,26,102,70
15/05/2019 13:42,0,29,6,0.9,-1,26,101,69
15/05/2019 13:42,0,29,8,0.9,-1,25,101,70
15/05/2019 13:42,0,29,5,0.9,-1,25,101,69
15/05/2019 13:42,0,29,6,0.9,-1,25,100,70
15/05/2019 13:42,0,29,7,0.9,-1,25,100,70
15/05/2019 13:42,0,29,5,0.9,-1,25,100,70
15/05/2019 13:43,0,29,6,0.9,-1,25,100,69
15/05/2019 13:43,0,30,4,0.9,-1,25,100,69
15/05/2019 13:43,0,30,4,0.9,-1,25,100,71
15/05/2019 13:43,0,30,4,0.9,-1,25,100,70
15/05/2019 13:43,0,30,4,0.9,-1,25,100,69
15/05/2019 13:43,0,30,5,0.9,-1,25,100,69
15/05/2019 13:44,0,30,6,0.9,-1,25,100,70
15/05/2019 13:44,0,30,4,0.9,-1,25,100,69
15/05/2019 13:44,0,30,6,0.9,-1,25,100,69
15/05/2019 13:44,0,30,5,0.9,-1,26,100,70
15/05/2019 13:44,0,30,7,0.9,-1,25,100,69
15/05/2019 13:44,0,30,5,0.9,-1,25,101,69
15/05/2019 13:45,0,30,5,0.9,-1,25,100,70
15/05/2019 13:45,0,30,5,0.9,-1,25,100,69
15/05/2019 13:45,0,31,7,0.9,-1,25,100,69
15/05/2019 13:45,0,31,7,0.9,-1,25,100,70
15/05/2019 13:45,0,31,6,0.9,-1,25,100,69
15/05/2019 13:46,0,31,6,0.9,-1,25,100,69
15/05/2019 13:46,0,31,5,0.9,-1,25,100,69
15/05/2019 13:46,0,31,5,0.9,-1,25,100,69
15/05/2019 13:46,0,31,4,0.9,-1,25,100,69
15/05/2019 13:46,0,31,5,0.9,-1,25,100,69
15/05/2019 13:46,0,31,5,0.9,-1,26,100,70
15/05/2019 13:47,0,31,5,0.9,-1,26,101,69
15/05/2019 13:47,0,31,6,0.9,-1,25,102,69
15/05/2019 13:47,0,31,5,0.9,-1,25,100,70
15/05/2019 13:47,0,31,5,0.9,-1,24,101,69
15/05/2019 13:47,0,31,6,0.9,-1,24,101,69
15/05/2019 13:47,0,31,7,0.9,-1,24,101,69
15/05/2019 13:48,0,31,7,0.9,-1,23,101,69
15/05/2019 13:48,0,30,6,0.9,-1,22,101,69
15/05/2019 13:48,0,30,6,0.9,-1,22,100,69
15/05/2019 13:48,0,31,6,0.9,-1,23,100,69
15/05/2019 13:48,0,31,4,0.9,-1,24,100,69
15/05/2019 13:48,0,31,6,0.9,-1,23,100,69
15/05/2019 13:49,11,31,6,0.9,-1,23,100,69
15/05/2019 13:49,0,31,6,0.9,-1,24,100,69
15/05/2019 13:49,0,30,6,0.9,-1,24,100,69
15/05/2019 13:49,0,30,6,0.9,-1,24,100,69
15/05/2019 13:49,0,30,5,0.9,-1,24,100,69
15/05/2019 13:49,0,30,6,0.9,-1,24,100,70
15/05/2019 13:50,0,30,5,0.9,-1,23,101,69
15/05/2019 13:50,0,30,5,0.9,-1,24,100,69
15/05/2019 13:50,0,30,6,0.9,-1,24,100,69
15/05/2019 13:50,0,31,6,0.9,-1,25,100,69
15/05/2019 13:50,0,30,6,0.9,-1,25,100,69
15/05/2019 13:50,0,31,6,0.9,-1,25,100,69
15/05/2019 13:51,0,30,6,0.9,-1,25,101,69
15/05/2019 13:51,0,30,7,0.9,-1,26,101,69
15/05/2019 13:51,0,30,6,0.9,-1,26,101,69
15/05/2019 13:51,0,30,6,0.9,-1,28,101,69
15/05/2019 13:51,0,31,7,0.9,-1,29,101,69
15/05/2019 13:51,0,30,6,0.9,-1,27,101,69
15/05/2019 13:52,0,30,5,0.9,-1,27,101,69
15/05/2019 13:52,0,30,6,0.9,-1,28,101,69
15/05/2019 13:52,0,30,6,0.9,-1,27,101,70
15/05/2019 13:52,0,30,6,0.9,-1,27,101,69
15/05/2019 13:52,0,30,6,0.9,-1,29,101,69
15/05/2019 13:52,0,29,7,0.9,-1,30,101,70
15/05/2019 13:53,0,30,5,0.9,-1,30,101,69
15/05/2019 13:53,0,30,6,0.9,-1,31,101,69
15/05/2019 13:53,0,29,6,0.9,-1,30,101,69
15/05/2019 13:53,0,29,8,0.9,-1,30,101,69
15/05/2019 13:53,0,29,7,0.9,-1,31,101,69
15/05/2019 13:53,0,29,7,0.9,-1,31,101,69
15/05/2019 13:54,0,29,7,0.9,-1,31,101,69
15/05/2019 13:54,0,29,7,0.9,-1,31,101,69
15/05/2019 13:54,0,29,7,0.9,-1,32,101,69
15/05/2019 13:54,0,30,6,0.9,-1,32,101,69
15/05/2019 13:54,0,30,7,0.9,-1,31,101,69
15/05/2019 13:54,0,29,7,0.9,-1,30,101,69
15/05/2019 13:55,0,29,7,0.9,-1,30,101,69
15/05/2019 13:55,0,29,6,0.9,-1,30,101,69
15/05/2019 13:55,0,29,7,0.9,-1,30,101,69
15/05/2019 13:55,0,29,5,0.9,-1,30,101,69
15/05/2019 13:55,0,29,6,0.9,-1,30,101,69
15/05/2019 13:56,0,29,6,0.9,-1,30,101,69
15/05/2019 13:56,0,28,6,0.9,-1,31,101,69
15/05/2019 13:56,0,28,6,0.9,-1,32,101,69
15/05/2019 13:56,0,29,7,0.9,-1,32,101,69
15/05/2019 13:56,0,29,7,0.9,-1,33,101,69
15/05/2019 13:56,0,29,6,0.9,-1,32,101,68
15/05/2019 13:57,0,29,7,0.9,-1,32,101,69
15/05/2019 13:57,0,28,8,0.9,-1,32,101,69
15/05/2019 13:57,0,29,7,0.9,-1,32,101,69
15/05/2019 13:57,0,28,6,0.9,-1,32,101,69
15/05/2019 13:57,0,28,5,0.9,-1,32,101,69
15/05/2019 13:57,0,28,4,0.9,-1,33,101,69
15/05/2019 13:58,0,28,5,0.9,-1,29,101,69
15/05/2019 13:58,0,28,6,0.9,-1,27,101,69
15/05/2019 13:58,0,28,6,0.9,-1,27,101,69
15/05/2019 13:58,0,29,5,0.9,-1,27,101,69
15/05/2019 13:58,0,28,6,0.9,-1,27,101,69
15/05/2019 13:58,0,29,9,0.9,-1,27,101,69
15/05/2019 13:59,0,27,7,0.9,-1,31,101,69
15/05/2019 13:59,0,28,7,0.9,-1,32,101,68
15/05/2019 13:59,0,28,7,0.9,-1,33,101,69
15/05/2019 13:59,0,28,6,0.9,-1,32,101,69
15/05/2019 13:59,0,28,6,0.9,-1,31,101,68
15/05/2019 13:59,0,28,6,0.9,-1,31,101,69
15/05/2019 14:00,0,29,6,0.9,-1,30,101,69
15/05/2019 14:00,0,29,6,0.9,-1,30,101,69
15/05/2019 14:00,0,29,6,0.9,-1,31,101,69
15/05/2019 14:00,0,29,5,0.9,-1,31,101,69
15/05/2019 14:00,0,29,7,0.9,-1,29,101,69
15/05/2019 14:00,0,29,7,0.9,-1,28,101,69
15/05/2019 14:01,0,29,7,0.9,-1,29,100,69
15/05/2019 14:01,0,29,7,0.9,-1,31,101,68
15/05/2019 14:01,0,28,8,0.9,-1,33,101,69
15/05/2019 14:01,0,29,8,0.9,-1,34,101,69
15/05/2019 14:01,0,29,8,0.9,-1,34,101,69
15/05/2019 14:01,0,29,8,0.9,-1,34,101,69
15/05/2019 14:02,0,29,8,0.9,-1,34,101,69
15/05/2019 14:02,0,29,6,0.9,-1,34,101,69
15/05/2019 14:02,0,29,7,0.9,-1,33,101,68
15/05/2019 14:02,0,28,7,0.9,-1,33,101,68
15/05/2019 14:02,0,29,7,0.9,-1,34,101,68
15/05/2019 14:02,0,29,7,0.9,-1,34,101,69
15/05/2019 14:03,0,29,7,0.9,-1,34,101,69
15/05/2019 14:03,0,29,7,0.9,-1,33,101,69
15/05/2019 14:03,0,29,8,0.9,-1,33,101,69
15/05/2019 14:03,0,28,7,0.9,-1,33,101,69
15/05/2019 14:03,0,28,8,0.9,-1,33,101,69
15/05/2019 14:03,0,28,8,0.9,-1,35,101,69
15/05/2019 14:04,0,27,8,0.9,-1,36,101,68
15/05/2019 14:04,0,28,9,0.9,-1,37,101,69
15/05/2019 14:04,0,29,8,0.9,-1,37,101,68
15/05/2019 14:04,0,29,7,0.9,-1,37,101,68
15/05/2019 14:04,0,28,7,0.9,-1,35,101,68
15/05/2019 14:04,0,28,6,0.9,-1,35,101,68
15/05/2019 14:05,0,29,7,0.9,-1,35,101,69
15/05/2019 14:05,0,29,7,0.9,-1,34,101,69
15/05/2019 14:05,0,29,7,0.9,-1,34,101,68
15/05/2019 14:05,0,29,7,0.9,-1,35,101,69
15/05/2019 14:05,0,29,7,0.9,-1,35,101,68
15/05/2019 14:06,0,29,8,0.9,-1,35,101,68
15/05/2019 14:06,0,29,7,0.9,-1,36,101,68
15/05/2019 14:06,0,29,8,0.9,-1,36,101,68
15/05/2019 14:06,0,28,9,0.9,-1,36,101,69
15/05/2019 14:06,0,28,8,0.9,-1,36,101,69
15/05/2019 14:06,0,29,8,0.9,-1,35,101,67
15/05/2019 14:07,0,29,8,0.9,-1,34,101,68
15/05/2019 14:07,0,28,8,0.9,-1,33,101,69
15/05/2019 14:07,0,28,8,0.9,-1,32,101,68
15/05/2019 14:07,0,28,9,0.9,-1,32,101,68
15/05/2019 14:07,0,28,8,0.9,-1,34,101,69
15/05/2019 14:07,0,28,7,0.9,-1,34,101,68
15/05/2019 14:08,0,28,9,0.9,-1,34,101,68
15/05/2019 14:08,0,28,8,0.9,-1,35,101,68
15/05/2019 14:08,0,28,9,0.9,-1,35,101,68
15/05/2019 14:08,0,28,9,0.9,-1,34,101,68
15/05/2019 14:08,0,28,8,0.9,-1,35,101,67
15/05/2019 14:08,0,28,8,0.9,-1,35,101,68
15/05/2019 14:09,0,28,9,0.9,-1,35,101,69
15/05/2019 14:09,0,28,9,0.9,-1,35,101,68
15/05/2019 14:09,0,29,8,0.9,-1,35,101,68
15/05/2019 14:09,0,29,8,0.9,-1,35,101,68
15/05/2019 14:09,0,28,8,0.9,-1,34,101,68
15/05/2019 14:09,0,28,8,0.9,-1,35,101,68
15/05/2019 14:10,0,28,7,0.9,-1,35,101,68
15/05/2019 14:10,0,28,8,0.9,-1,36,101,68
15/05/2019 14:10,0,28,8,0.9,-1,37,101,69
15/05/2019 14:10,0,28,10,0.9,-1,36,101,68
15/05/2019 14:10,0,28,11,0.9,-1,36,101,68
15/05/2019 14:10,0,28,11,0.9,-1,36,101,68
15/05/2019 14:11,0,28,10,0.9,-1,36,101,68
15/05/2019 14:11,0,29,9,0.9,-1,37,101,68
15/05/2019 14:11,0,29,9,0.9,-1,36,101,68
15/05/2019 14:11,0,28,7,0.9,-1,36,101,68
15/05/2019 14:11,0,28,9,0.9,-1,36,101,68
15/05/2019 14:11,0,28,9,0.9,-1,37,101,68
15/05/2019 14:12,0,27,9,0.9,-1,36,101,68
15/05/2019 14:12,0,27,10,0.9,-1,36,101,68
15/05/2019 14:12,0,27,8,0.9,-1,36,100,68
15/05/2019 14:12,0,26,9,0.9,-1,37,101,67
15/05/2019 14:12,0,27,9,0.9,-1,37,101,68
15/05/2019 14:12,0,27,8,0.9,-1,39,101,68
15/05/2019 14:13,0,26,9,0.9,-1,38,101,68
15/05/2019 14:13,0,26,10,0.9,-1,38,101,66
15/05/2019 14:13,0,26,10,0.9,-1,39,101,68
15/05/2019 14:13,0,25,8,0.9,-1,39,101,67
15/05/2019 14:13,0,25,8,0.9,-1,41,101,68
15/05/2019 14:13,0,25,8,0.9,-1,41,101,68
15/05/2019 14:14,0,25,8,0.9,-1,41,101,68
15/05/2019 14:14,0,26,7,0.9,-1,42,101,67
15/05/2019 14:14,0,26,9,0.9,-1,40,101,67
15/05/2019 14:14,0,26,9,0.9,-1,39,101,67
15/05/2019 14:14,0,26,5,0.9,-1,39,101,67
15/05/2019 14:14,0,26,7,0.9,-1,39,101,68
15/05/2019 14:15,0,26,6,0.9,-1,39,101,68
15/05/2019 14:15,0,25,11,0.9,-1,39,101,67
15/05/2019 14:15,0,25,8,0.9,-1,39,102,67
15/05/2019 14:15,0,25,8,0.9,-1,39,101,67
15/05/2019 14:15,0,25,9,0.9,-1,39,101,68
15/05/2019 14:15,0,26,7,0.9,-1,40,101,68
15/05/2019 14:16,0,26,7,0.9,-1,39,101,68
15/05/2019 14:16,0,26,8,0.9,-1,40,101,67
15/05/2019 14:16,0,25,2,0.9,-1,41,101,67
15/05/2019 14:16,0,25,7,0.9,-1,42,97,67
15/05/2019 14:16,0,26,7,0.9,-1,42,73,66
15/05/2019 14:17,0,26,8,0.9,-1,42,98,67
15/05/2019 14:17,0,26,7,0.9,-1,41,98,66
15/05/2019 14:17,0,26,7,0.9,-1,40,86,67
15/05/2019 14:17,0,26,7,0.9,-1,40,98,68
15/05/2019 14:17,0,27,6,0.9,-1,40,97,67
15/05/2019 14:17,0,27,3,0.9,-1,40,98,67
15/05/2019 14:18,0,27,3,0.9,-1,39,97,68
15/05/2019 14:18,0,27,1,0.9,-1,39,101,68
15/05/2019 14:18,0,26,3,0.9,-1,38,100,67
15/05/2019 14:18,0,27,3,0.9,-1,39,98,67
15/05/2019 14:18,0,27,4,0.9,-1,39,100,67
15/05/2019 14:18,0,27,6,0.9,-1,38,100,67
15/05/2019 14:19,0,27,5,0.9,-1,39,100,66
15/05/2019 14:19,0,27,4,0.9,-1,40,100,67
15/05/2019 14:19,0,26,4,0.9,-1,40,99,68
15/05/2019 14:19,0,26,3,0.9,-1,40,34,67
15/05/2019 14:19,0,26,4,0.9,-1,40,2,67
15/05/2019 14:19,0,26,5,0.9,-1,42,100,66
15/05/2019 14:20,0,27,5,0.9,-1,42,97,66
