{
    "first_name"    : ["João", "Rodrigo", "Francisco", "Martim", "Santiago", "Tomás", "Afonso", "Duarte", "Miguel", "Guilherme", "Tiago", "Gonçalo", "Diogo", "Gabriel", "Pedro", "Maria", "Leonor", "Matilde", "Ana", "Sofia", "Francisca", "Inês"],
    "last_name"     : ["Silva", "Santos", "Ferreira", "Pereira", "Oliveira", "Costa", "Rodrigues", "Martins", "Jesus", "Sousa", "Fernandes", "Gonçalves", "Gomes", "Lopes", "Marques", "Alves", "Almeida", "Ribeiro", "Pinto", "Carvalho", "Teixeira", "Moreira", "Correia", "Mendes", "Nunes"],
    "addresses"     : ["Rua da Alfândega", "Rua do Arsenal", "Rua Augusta", "Rua dos Bacalhoeiros", "Rua do Carmo", "Rua Cidade de Bolama", "Rua Garrett", "Rua dos Heróis de Quionga", "Rua da Madalena", "Rua da Oliveira ao Carmo", "Rua da Prata", "Calçada de Carriche", "Calçada Marquês de Abrantes", "Calçada do Moinho de Vento", "Calçada do Poço dos Mouros", "Avenida Ressano Garcia", "Rua Roberto Duarte Silva", "Rua da Betesga", "Rua do Comércio", "Rua da Junqueira", "Rua dos Fanqueiros", "Rua Ferreira Lapa", "Rua General Morais Sarmento", "Rua Nova do Almada", "Rua de São Julião"],
    "aux_addrss"    : ["Esq", "Dir", "RC"],
    "counties"      : ["Alenquer", "Amadora", "Arruda dos Vinhos", "Azambuja", "Cadaval", "Cascais", "Lisboa", "Loures", "Lourinhã", "Mafra", "Odivelas", "Oeiras", "Sintra", "Sobral de Monte Agraço", "Torres Vedras", "Vila Franca de Xira"],
    "moto_brand"    : ["Aprilia", "Benelli", "BMW", "Ducati", "Triumph", "Harley", "Honda", "Kawasaki", "Suziki", "Yamanha"],
    "moto_model"    : ["RS", "Tuono", "MX", "RX", "DT", "SX", "Tuareg", "GSXR", "MT", "GS", "Pegaso", "Tornado", "TRK", "Titan", "RC", "Diavel", "Monster", "Scrambler", "Panigale", "Hypermotard", "Multistrada", "SSR", "Turbo", "CBR", "XR", "Golden", "Twin", "Fazer", "FZ", "X-Max", "T-Max", "V-Max", "YZF", "XT", "Star", "Bolt"],
    "cc"            : [50, 125, 200, 250, 300, 400, 500, 750, 900, 1000, 1100, 1200],
    "parts"			: ["Filtro de ar", "Pneus", "Filtro de oleo", "Cabeça do motor", "Disco travao", "Pastilhas travao", "Oleo", "Borboleta do escape", "Pinhao de ataque", "Cremalheira", "Corrente", "Transmissao"]
}